time_ns,x,y,theta,omega,lateral_error
100,0.0,0.0,0.0,0.0,0.0
100000100,0.0,0.5,0.1,0.0,0.5
200000100,0.000995004165278026,0.5000998334166469,0.09999999999999999,-3.0,0.5000998334166469
300000100,0.001990008330556052,0.5001996668332938,0.09699999999999999,-2.60083263364682,0.5001996668332938
400000100,0.0029853075181193824,0.5002965147926722,0.09439916736635318,-2.601581900563471,0.5002965147926722
500000100,0.003980855224467622,0.5003907738208062,0.0917975854657897,-2.599330831349359,0.5003907738208062
600000100,0.004976644784075576,0.5004824425339847,0.08919825463444035,-2.597463390632443,0.5004824425339847
700000100,0.005972669256693117,0.5005715225538935,0.08660079124380791,-2.5955816604640716,0.5005715225538935
800000100,0.006968921751145959,0.5006580151391046,0.08400520958334384,-2.593688653055259,0.5006580151391046
900000100,0.007965395388018026,0.5007419215811633,0.08141152093028858,-2.5917840102911636,0.5007419215811633
1000000100,0.008962083300085551,0.5008232432015264,0.07881973691999741,-2.5898677703098416,0.5008232432015264
1100000100,0.00995897863244637,0.5009019813518553,0.07622986914968757,-2.587939968337686,0.5009019813518553
1200000100,0.010956074542683537,0.5009781374139142,0.07364192918134989,-2.586000640045772,0.5009781374139142
1300000100,0.011953364201027739,0.5010517127994701,0.07105592854130412,-2.5840498211547973,0.5010517127994701
1400000100,0.012950840790518788,0.5011227089501918,0.06847187872014932,-2.5820875474360383,0.5011227089501918
1500000100,0.01394849750716616,0.5011911273375478,0.06588979117271328,-2.580113854709856,0.5011911273375478
1600000100,0.014946327560108571,0.5012569694627029,0.06330967731800342,-2.5781287788445417,0.5012569694627029
1700000100,0.015944324171772585,0.5013202368564152,0.06073154853915888,-2.5761323557542553,0.5013202368564152
1800000100,0.01694248057803024,0.5013809310789311,0.058155416183404626,-2.574124621398417,0.5013809310789311
1900000100,0.017940790028355726,0.5014390537198796,0.05558129156200621,-2.5721056117800845,0.5014390537198796
2000000100,0.018939245785981045,0.5014946063981666,0.05300918595022613,-2.5700753629443303,0.5014946063981666
2100000100,0.019937841128050707,0.5015475907618673,0.050439110587281795,-2.5680339109773946,0.5015475907618673
2200000100,0.02093656934577544,0.5015980084881189,0.0478710766763044,-2.565981292005053,0.5015980084881189
2300000100,0.021935423744584896,0.5016458612830111,0.045305095384299346,-2.563917542191424,0.5016458612830111
2400000100,0.022934397644279344,0.5016911508814778,0.04274117784210792,-2.5618426977372213,0.5016911508814778
2500000100,0.0239334843791804,0.5017338790471855,0.0401793351443707,-2.5597567948793305,0.5017338790471855
2600000100,0.024932677298280713,0.5017740475724235,0.037619578349491374,-2.5576598698884965,0.5017740475724235
2700000100,0.025931969765392658,0.5018116582779915,0.035061918479602876,-2.5555519590687825,0.5018116582779915
2800000100,0.026931355159296018,0.501846713013087,0.0325063665205341,-2.553433098755693,0.501846713013087
2900000100,0.027930826873884634,0.5018792136551928,0.0299529334217784,-2.5513033253152932,0.5018792136551928
3000000100,0.028930378318312043,0.5019091621099623,0.027401630096463108,-2.5491626751428793,0.5019091621099623
3100000100,0.029930002917136097,0.5019365603111049,0.02485246742132023,-2.547011184661424,0.5019365603111049
3200000100,0.030929694110462536,0.501961410220271,0.022305456236658805,-2.5448488903204605,0.501961410220271
3300000100,0.031929445354087545,0.5019837138269355,0.019760607346338346,-2.542675828594856,0.5019837138269355
3400000100,0.03292925011963928,0.5020034731482813,0.017217931517743486,-2.540492035983576,0.5020034731482813
3500000100,0.033929101894718317,0.5020206902290818,0.01467743948175991,-2.538297549008117,0.5020206902290818
3600000100,0.03492899418303714,0.5020353671415826,0.012139141932751792,-2.536092404211934,0.5020353671415826
3700000100,0.03592892050455848,0.5020475059853827,0.009603049528539857,-2.5338766381583064,0.5020475059853827
3800000100,0.0369288743956327,0.5020571088873154,0.00706917289038155,-2.5316502874296467,0.5020571088873154
3900000100,0.03792884940913408,0.5020641780013276,0.004537522602951903,-2.529413388626255,0.5020641780013276
4000000100,0.03892883911459606,0.50206871550836,0.002008109214325648,-2.5271659783649505,0.50206871550836
4100000100,0.03992883709834543,0.5020707236162246,-0.0005190567640393027,-2.5249080932779275,0.5020707236162246
4200000100,0.04092883696363547,0.5020702045594839,-0.0030439648573172304,-2.5226397700113865,0.5020702045594839
4300000100,0.04192883233077802,0.5020671605993273,-0.005566604627328617,-2.5203610452246035,0.5020671605993273
4400000100,0.042928816837274494,0.5020615940234487,-0.008086965672553223,-2.518071955588219,0.5020615940234487
4500000100,0.043928784137945806,0.5020535071459225,-0.010605037628141443,-2.5157725377838593,0.5020535071459225
4600000100,0.04492872790506129,0.502042902307079,-0.013120810165925301,-2.513462828502089,0.502042902307079
4700000100,0.045928641828466475,0.5020297818733802,-0.01563427299442739,-2.5111428644419083,0.5020297818733802
4800000100,0.04692851961570985,0.5020141482372935,-0.018145415858869293,-2.5088126823089274,0.5020141482372935
4900000100,0.04792835499216853,0.5019960038171665,-0.020654228541178224,-2.5064723188147466,0.5019960038171665
5000000100,0.048928141701172816,0.5019753510570998,-0.023160700859992975,-2.504121810675676,0.5019753510570998
5100000100,0.049927873504129784,0.5019521924268207,-0.025664822670668653,-2.501761194611227,0.5019521924268207
5200000100,0.05092754418064567,0.5019265304215548,-0.028166583865279884,-2.499390507343601,0.5019265304215548
5300000100,0.05192714752864726,0.5018983675618985,-0.030665974372623483,-2.497009785595732,0.5018983675618985
5400000100,0.052926677364502156,0.5018677063936905,-0.033162984158219215,-2.4946190660908787,0.5018677063936905
5500000100,0.053926127523137996,0.501834549487882,-0.035657603224310094,-2.4922183855512228,0.501834549487882
5600000100,0.054925491858160556,0.5017988994404078,-0.038149821609861315,-2.4898077806964523,0.5017988994404078
5700000100,0.0559247642419708,0.5017607588720561,-0.04063962939055777,-2.48738728824313,0.5017607588720561
5800000100,0.05692393856588082,0.5017201304283381,-0.0431270166788009,-2.484956944903278,0.5017201304283381
5900000100,0.05792300874022871,0.5016770167793568,-0.04561197362370418,-2.482516787383627,0.5016770167793568
6000000100,0.05892196869449232,0.501631420619676,-0.048094490411087806,-2.4800668523838634,0.501631420619676
6100000100,0.05992081237740198,0.5015833446681881,-0.05057455726347167,-2.477607176596205,0.5015833446681881
6200000100,0.06091953375705206,0.5015327916679819,-0.05305216444006787,-2.4751377967039803,0.5015327916679819
6300000100,0.061918126821011506,0.5014797643862103,-0.05552730223677185,-2.4726587493805305,0.5014797643862103
6400000100,0.06291658557643326,0.5014242656139569,-0.057999960986152385,-2.4701700712884533,0.5014242656139569
6500000100,0.06391490405016259,0.5013662981661027,-0.06047013105744084,-2.467671799078168,0.5013662981661027
6600000100,0.06491307628884432,0.5013058648811919,-0.06293780285651901,-2.4651639693871488,0.5013058648811919
6700000100,0.06591109635902898,0.5012429686212981,-0.06540296682590616,-2.4626466188384932,0.5012429686212981
6800000100,0.06690895834727786,0.5011776122718897,-0.06786561344474465,-2.460119784040371,0.5011776122718897
6900000100,0.067906656360267,0.5011097987416947,-0.07032573322878502,-2.4575835015848098,0.5011097987416947
7000000100,0.06890418452489006,0.5010395309625653,-0.07278331673036983,-2.455037808046586,0.5010395309625653
7100000100,0.06990153698836002,0.5009668118893424,-0.07523835453841642,-2.452482739982006,0.5009668118893424
7200000100,0.07089870791831002,0.50089164449972,-0.07769083727839843,-2.449918333928462,0.50089164449972
7300000100,0.07189569150289282,0.500814031794108,-0.08014075561232689,-2.4473446264029826,0.500814031794108
7400000100,0.07289248195087941,0.5007339767954964,-0.08258810023872988,-2.4447616539012342,0.5007339767954964
7500000100,0.07388907349175633,0.5006514825493179,-0.08503286189263111,-2.442169452896958,0.5006514825493179
7600000100,0.07488546037582208,0.5005665521233108,-0.08747503134552807,-2.439568059840519,0.5005665521233108
7700000100,0.07588163687428232,0.5004791886073816,-0.08991459940536858,-2.4369575111578987,0.5004791886073816
7800000100,0.07687759727934397,0.5003893951134669,-0.09235155691652648,-2.434337843250463,0.5003893951134669
7900000100,0.07787333590430838,0.5002971747753956,-0.09478589475977695,-2.43170909249295,0.5002971747753956
8000000100,0.07886884708366317,0.5002025307487503,-0.0972176038522699,-2.4290712952333475,0.5002025307487503
8100000100,0.07986412517317319,0.5001054662107292,-0.09964667514750324,-2.4264244877915466,0.5001054662107292
8200000100,0.0808591645499703,0.5000059843600064,-0.10207309963529479,-2.423768706458657,0.5000059843600064
8300000100,0.08185395961264205,0.499904088416594,-0.10449686834175345,-2.4211039874956595,0.499904088416594
8400000100,0.08284850478131932,0.49979978162170174,-0.10691797232924911,-2.4184303671331104,0.49979978162170174
8500000100,0.08384279449776286,0.499693067237598,-0.10933640269638223,-2.4157478815696205,0.499693067237598
8600000100,0.08483682322544871,0.49958394854746996,-0.11175215057795185,-2.4130565669712256,0.49958394854746996
8700000100,0.08583058544965262,0.49947242885528376,-0.11416520714492308,-2.410356459470586,0.49947242885528376
8800000100,0.08682407567753331,0.49935851148564425,-0.11657556360439367,-2.4076475951659106,0.49935851148564425
8900000100,0.08781728843821468,0.4992421997836548,-0.11898321119955958,-2.404930010120153,0.4992421997836548
9000000100,0.08881021828286696,0.49912349711477666,-0.12138814120967975,-2.4022037403601555,0.49912349711477666
9100000100,0.08980285978478675,0.49900240686468844,-0.1237903449500399,-2.3994688218756233,0.49900240686468844
9200000100,0.090795207539476,0.49887893243914533,-0.12618981377191552,-2.396725290618542,0.49887893243914533
9300000100,0.09178725616471992,0.498753077263838,-0.12858653906253406,-2.393973182502151,0.498753077263838
9400000100,0.09277900030066383,0.4986248447842516,-0.1309805122450362,-2.3912125334000267,0.4986248447842516
9500000100,0.09377043460988889,0.4984942384655246,-0.13337172477843623,-2.388443379145443,0.4984942384655246
9600000100,0.09476155377748682,0.49836126179230716,-0.13576016815758168,-2.3856657555303946,0.49836126179230716
9700000100,0.09575235251113354,0.49822591826861995,-0.13814583391311208,-2.382879698304793,0.49822591826861995
9800000100,0.09674282554116168,0.49808821141771237,-0.14052871361141686,-2.3800852431757096,0.49808821141771237
9900000100,0.09773296762063212,0.4979481447819209,-0.14290879885459257,-2.3772824258065137,0.4979481447819209
10000000100,0.09872277352540444,0.49780572192252737,-0.14528608128039905,-2.3744712818160596,0.49780572192252737
10100000100,0.09971223805420629,0.497660946419617,-0.1476605525622151,-2.3716518467779912,0.497660946419617
10200000100,0.10070135602870166,0.49751382187193655,-0.1500322044089931,-2.368824156219815,0.49751382187193655
10300000100,0.10169012229355823,0.49736435189675227,-0.1524010285652129,-2.365988245622259,0.49736435189675227
10400000100,0.10267853171651352,0.4972125401297077,-0.15476701681083516,-2.3631441504184614,0.4972125401297077
10500000100,0.1036665791884401,0.49705839022468185,-0.15713016096125365,-2.360291905993043,0.49705839022468185
10600000100,0.10465425962340968,0.4969019058536466,-0.1594904528672467,-2.3574315476816863,0.4969019058536466
10700000100,0.10564156795875618,0.4967430907065247,-0.1618478844149284,-2.3545631107700467,0.4967430907065247
10800000100,0.10662849915513777,0.49658194849104775,-0.16420244752569843,-2.351686630493212,0.49658194849104775
10900000100,0.10761504819659783,0.4964184829326135,-0.16655413415619164,-2.348802142034949,0.4964184829326135
11000000100,0.10860121009062496,0.49625269777414377,-0.1689029362982266,-2.3459096805269435,0.49625269777414377
11100000100,0.10958697986821182,0.4960845967759423,-0.17124884597875356,-2.343009281048044,0.4960845967759423
11200000100,0.11057235258391307,0.4959141837155521,-0.17359185525980161,-2.3401009786236653,0.4959141837155521
11300000100,0.11155732331590217,0.4957414623876136,-0.17593195623842528,-2.3371848082248694,0.4957414623876136
11400000100,0.11254188716602724,0.4955664366037219,-0.17826914104665015,-2.3342608047679914,0.4955664366037219
11500000100,0.11352603925986585,0.495389110192285,-0.18060340185141813,-2.331329003113718,0.495389110192285
11600000100,0.11450977474677877,0.49520948699838124,-0.18293473085453188,-2.328389438066381,0.49520948699838124
11700000100,0.11549308879996278,0.49502757088361726,-0.18526312029259825,-2.325442144373535,0.49502757088361726
11800000100,0.11647597661650239,0.49484336572598586,-0.18758856243697178,-2.322487156724921,0.49484336572598586
11900000100,0.11745843341742052,0.49465687541972386,-0.1899110495936967,-2.319524509752206,0.49465687541972386
12000000100,0.11844045444772831,0.4944681038751701,-0.1922305741034489,-2.3165542380280075,0.4944681038751701
12100000100,0.11942203497647379,0.4942770550186235,-0.19454712834147692,-2.313576376065408,0.4942770550186235
12200000100,0.12040317029678954,0.49408373279220114,-0.19686070471754233,-2.3105909583173694,0.49408373279220114
12300000100,0.12138385572593952,0.4938881411536965,-0.1991712956758597,-2.3075980191758596,0.4938881411536965
12400000100,0.12236408660536466,0.49369028407643767,-0.20147889369503558,-2.304597592971657,0.49369028407643767
12500000100,0.12334385830072767,0.4934901655491457,-0.20378349128800724,-2.3015897139732004,0.4934901655491457
12600000100,0.12432316620195671,0.4932877895757932,-0.20608508100198045,-2.2985744163863893,0.4932877895757932
12700000100,0.1253020057232882,0.4930831601754629,-0.20838365541836684,-2.2955517343538876,0.4930831601754629
12800000100,0.1262803723033085,0.49287628138220607,-0.21067920715272073,-2.292521701954474,0.49287628138220607
12900000100,0.12725826140499474,0.4926671572449018,-0.21297172885467522,-2.2894843532024023,0.4926671572449018
13000000100,0.12823566851575466,0.4924557918271155,-0.2152612132078776,-2.2864397220470343,0.4924557918271155
13100000100,0.12921258914746533,0.4922421892069583,-0.21754765292992467,-2.2833878423720315,0.4922421892069583
13200000100,0.13018901883651113,0.49202635347694595,-0.21983104077229673,-2.2803287479948793,0.49202635347694595
13300000100,0.13116495314382057,0.49180828874385857,-0.22211136952029162,-2.2772624726664685,0.49180828874385857
13400000100,0.13214038765490224,0.49158799912859985,-0.22438863199295808,-2.274189050070343,0.49158799912859985
13500000100,0.13311531797987985,0.49136548876605685,-0.22666282104302846,-2.271108513822283,0.49136548876605685
13600000100,0.1340897397535262,0.49114076180495975,-0.22893392955685074,-2.2680208974696634,0.49114076180495975
13700000100,0.13506364863529619,0.49091382240774206,-0.2312019504543204,-2.264926234490986,0.49091382240774206
13800000100,0.13603704030935906,0.4906846747504007,-0.2334668766888114,-2.261824558295516,0.4906846747504007
13900000100,0.13700991048462954,0.49045332302235617,-0.2357287012471069,-2.2587159022224808,0.49045332302235617
14000000100,0.13798225489479807,0.49021977142631357,-0.2379874171493294,-2.2556002995406534,0.49021977142631357
14100000100,0.13895406929836007,0.489984024178123,-0.24024301744887006,-2.252477783448055,0.489984024178123
14200000100,0.1399253494786444,0.48974608550664056,-0.2424954952323181,-2.2493483870712065,0.48974608550664056
14300000100,0.14089609124384084,0.48950595965358984,-0.2447448436193893,-2.246212143464717,0.48950595965358984
14400000100,0.14186629042702645,0.4892636508734229,-0.24699105576285402,-2.2430690856109874,0.4892636508734229
14500000100,0.14283594288619134,0.48901916343318214,-0.249234124848465,-2.2399192464193547,0.48901916343318214
14600000100,0.14380504450426332,0.4887725016123621,-0.25147404409488433,-2.236762658726075,0.4887725016123621
14700000100,0.14477359118913166,0.48852366970277145,-0.2537108067536104,-2.233599355293469,0.48852366970277145
14800000100,0.14574157887367,0.4882726720083954,-0.25594440610890384,-2.2304293688097974,0.4882726720083954
14900000100,0.14670900351575833,0.4880195128452583,-0.25817483547771364,-2.2272527318885196,0.4880195128452583
15000000100,0.14767586109830397,0.48776419654128617,-0.26040208820960214,-2.224069477068171,0.48776419654128617
15100000100,0.14864214762926192,0.48750672743617013,-0.2626261576866703,-2.2208796368115675,0.48750672743617013
15200000100,0.14960785914165403,0.4872471098812295,-0.2648470373234819,-2.217683243505799,0.4872471098812295
15300000100,0.15057299169358745,0.4869853482392754,-0.2670647205669877,-2.214480329461435,0.4869853482392754
15400000100,0.15153754136827216,0.4867214468844748,-0.26927920089644913,-2.2112709269123507,0.4867214468844748
15500000100,0.15250150427403764,0.4864554102022143,-0.2714904718233615,-2.208055068015218,0.4864554102022143
15600000100,0.1534648765443486,0.48618724258896484,-0.2736985268913767,-2.2048327848491653,0.48618724258896484
15700000100,0.15442765433781994,0.48591694845214634,-0.27590335967622587,-2.201604109415271,0.48591694845214634
15800000100,0.1553898338382308,0.48564453220999265,-0.27810496378564115,-2.198369073636336,0.48564453220999265
15900000100,0.1563514112545377,0.4853699982914169,-0.2803033328592775,-2.1951277093564943,0.4853699982914169
16000000100,0.15731238282088694,0.4850933511358771,-0.282498460568634,-2.1918800483407086,0.4850933511358771
16100000100,0.1582727447966261,0.48481459519324194,-0.2846903406169747,-2.188626122274492,0.48481459519324194
16200000100,0.15923249346631455,0.4845337349236571,-0.2868789667392492,-2.185365962763579,0.4845337349236571
16300000100,0.1601916251397334,0.48425077479741185,-0.28906433270201276,-2.182099601333424,0.48425077479741185
16400000100,0.16115013615189444,0.48396571929480575,-0.2912464323033462,-2.1788270694292096,0.48396571929480575
16500000100,0.1621080228630482,0.483678572906016,-0.2934252593727754,-2.1755483984149597,0.483678572906016
16600000100,0.16306528165869136,0.4833893401309648,-0.29560080777119035,-2.172263619573828,0.4833893401309648
16700000100,0.1640219089495731,0.48309802547918734,-0.2977730713907642,-2.1689727641071577,0.48309802547918734
16800000100,0.16497790117170094,0.4828046334696999,-0.2999420441548714,-2.1656758631347754,0.4828046334696999
16900000100,0.16593325478634544,0.4825091686308684,-0.3021077200180062,-2.1623729476940556,0.4825091686308684
17000000100,0.16688796628004432,0.4822116355002775,-0.30427009296570023,-2.1590640487402117,0.4822116355002775
17100000100,0.16784203216460575,0.48191203862459947,-0.30642915701444046,-2.155749197145591,0.48191203862459947
17200000100,0.16879544897711068,0.4816103825594641,-0.3085849062115861,-2.1524284236993583,0.4816103825594641
17300000100,0.16974821327991457,0.4813066718693286,-0.3107373346352854,-2.1491017591076234,0.4813066718693286
17400000100,0.17070032166064827,0.4810009111273478,-0.312886436394393,-2.145769233992744,0.4810009111273478
17500000100,0.17165177073221805,0.48069310491524503,-0.3150322056283858,-2.1424308788931223,0.48069310491524503
17600000100,0.17260255713280487,0.48038325782318325,-0.3171746365072789,-2.139086724263119,0.48038325782318325
17700000100,0.173552677525863,0.48007137444963627,-0.319313723231542,-2.1357368004726904,0.48007137444963627
17800000100,0.17450212860011774,0.47975745940126086,-0.32144946003201463,-2.132381137806973,0.47975745940126086
17900000100,0.17545090706956232,0.4794415172927688,-0.3235818411698215,-2.129019766466368,0.4794415172927688
18000000100,0.17639900967345426,0.4791235527467997,-0.32571086093628787,-2.125652716565905,0.4791235527467997
18100000100,0.17734643317631074,0.47880357039379384,-0.32783651365285377,-2.1222800181353874,0.47880357039379384
18200000100,0.1782931743679034,0.47848157487186577,-0.3299587936709892,-2.118901701118819,0.47848157487186577
18300000100,0.17923923006325226,0.47815757082667804,-0.332077695372108,-2.1155177953743824,0.47815757082667804
18400000100,0.18018459710261897,0.4778315629113155,-0.3341932131674824,-2.1121283306742016,0.4778315629113155
18500000100,0.18112927235149937,0.47750355578616,-0.3363053414981566,-2.108733336704051,0.47750355578616
18600000100,0.1820732527006151,0.4771735541187653,-0.33841407483486063,-2.105332843063175,0.4771735541187653
18700000100,0.1830165350659049,0.4768415625837327,-0.3405194076779238,-2.1019268792640577,0.4768415625837327
18800000100,0.18395911638851467,0.47650758586258707,-0.3426213345571879,-2.098515474732356,0.47650758586258707
18900000100,0.18490099363478724,0.4761716286436528,-0.34471985003192024,-2.095098658806452,0.4761716286436528
19000000100,0.18584216379625115,0.4758336956219311,-0.3468149486907267,-2.091676460737502,0.4758336956219311
19100000100,0.186782623889609,0.4754937914989768,-0.3489066251514642,-2.08824890968927,0.4754937914989768
19200000100,0.18772237095672475,0.4751519209827761,-0.3509948740611535,-2.084816034737625,0.4751519209827761
19300000100,0.18866140206461066,0.47480808878762476,-0.35307969009589113,-2.0813778648707126,0.47480808878762476
19400000100,0.18959971430541328,0.4744622996340066,-0.35516106796076186,-2.0779344289887374,0.4744622996340066
19500000100,0.19053730479639894,0.4741145582484724,-0.3572390023897506,-2.0744857559036323,0.4741145582484724
19600000100,0.19147417067993844,0.47376486936351925,-0.3593134881456542,-2.0710318743390164,0.47376486936351925
19700000100,0.1924103091234911,0.47341323771747074,-0.3613845200199932,-2.0675728129300346,0.47341323771747074
19800000100,0.19334571731958822,0.473059668054357,-0.36345209283292323,-2.0641086002232654,0.473059668054357
19900000100,0.19428039248581566,0.47270416512379565,-0.3655162014331465,-2.0606392646765066,0.47270416512379565
20000000100,0.195214331864796,0.47234673368087293,-0.36757684069782304,-2.0571648346586326,0.47234673368087293
20100000100,0.19614753272416993,0.4719873784860256,-0.36963400553248166,-2.0536853384494997,0.4719873784860256
20200000100,0.19707999235657694,0.471626104304923,-0.3716876908709312,-2.050200804239913,0.471626104304923
20300000100,0.19801170807963547,0.4712629159083497,-0.373737891675171,-2.0467112601312634,0.4712629159083497
20400000100,0.19894267723592238,0.4708978180720887,-0.3757846029353023,-2.0432167341356062,0.4708978180720887
20500000100,0.19987289719295168,0.4705308155768051,-0.3778278196694379,-2.039717254175696,0.4705308155768051
20600000100,0.20080236534315285,0.47016191320793005,-0.3798675369236136,-2.036212848084455,0.47016191320793005
20700000100,0.2017310791038483,0.46979111575554544,-0.38190374977169805,-2.0327035436052348,0.46979111575554544
20800000100,0.20265903591723036,0.4694184280142689,-0.3839364533153033,-2.0291893683916276,0.4694184280142689
20900000100,0.20358623325033762,0.4690438547831394,-0.38596564268369493,-2.025670350007337,0.4690438547831394
21000000100,0.2045126685950306,0.46866740086550324,-0.38799131303370227,-2.0221465159261105,0.46866740086550324
21100000100,0.20543833946796686,0.46828907106890055,-0.3900134595496284,-2.0186178935316677,0.46828907106890055
21200000100,0.20636324341057555,0.4679088702049524,-0.3920320774431601,-2.0150845101176937,0.4679088702049524
21300000100,0.2072873779890313,0.4675268030892484,-0.3940471619532777,-2.0115463928876065,0.4675268030892484
21400000100,0.2082107407942275,0.4671428745412343,-0.3960587083461653,-2.0080035689547198,0.4671428745412343
21500000100,0.2091333294417491,0.46675708938410115,-0.39806671191512,-2.0044560653419072,0.46675708938410115
21600000100,0.21005514157184466,0.46636945244467376,-0.4000711679804619,-2.0009039089818224,0.46636945244467376
21700000100,0.21097617484939807,0.46597996855330054,-0.4020720718894437,-1.9973471267166816,0.46597996855330054
21800000100,0.21189642696389938,0.46558864254374344,-0.4040694190161604,-1.9937857452982644,0.46558864254374344
21900000100,0.21281589562941533,0.4651954792530686,-0.40606320476145863,-1.9902197913878696,0.4651954792530686
22000000100,0.21373457858455927,0.46480048352153724,-0.4080534245528465,-1.9866492915563772,0.46480048352153724
22100000100,0.21465247359246034,0.4644036601924974,-0.41004007384440283,-1.983074272283984,0.4644036601924974
22200000100,0.21556957844073235,0.4640050141122759,-0.41202314811668683,-1.9794947599603838,0.4640050141122759
22300000100,0.21648589094144194,0.46360455013007107,-0.41400264287664723,-1.9759107808846754,0.46360455013007107
22400000100,0.21740140893107626,0.46320227309784584,-0.41597855365753195,-1.97232236126538,0.46320227309784584
22500000100,0.2183161302705101,0.46279818787022137,-0.4179508760187974,-1.9687295272204088,0.46279818787022137
22600000100,0.21923005284497257,0.4623922993043712,-0.4199196055460178,-1.965132304776977,0.4623922993043712
22700000100,0.22014317456401306,0.4619846122599161,-0.4218847378507948,-1.961530719871686,0.4619846122599161
22800000100,0.22105549336146685,0.4615751315988191,-0.4238462685706665,-1.9579247983506098,0.4615751315988191
22900000100,0.22196700719542017,0.4611638621852813,-0.4258041933690171,-1.9543145659689922,0.4611638621852813
23000000100,0.22287771404817472,0.4607508088856384,-0.4277585079349861,-1.9507000483916728,0.4607508088856384
23100000100,0.22378761192621163,0.46033597656825714,-0.42970920798337775,-1.9470812711927343,0.46033597656825714
23200000100,0.22469669886015506,0.45991937010343287,-0.4316562892545705,-1.9434582598557668,0.45991937010343287
23300000100,0.22560497290473513,0.4595009943632875,-0.43359974751442626,-1.9398310397736847,0.4595009943632875
23400000100,0.22651243213875052,0.45908085422166783,-0.4355395785541999,-1.9361996362490554,0.45908085422166783
23500000100,0.22741907466503045,0.45865895455404443,-0.437475778190449,-1.9325640744937544,0.45865895455404443
23600000100,0.2283248986103963,0.4582353002374113,-0.43940834226494285,-1.9289243796291835,0.4582353002374113
23700000100,0.22922990212562255,0.4578098961501859,-0.441337266644572,-1.9252805766864367,0.4578098961501859
23800000100,0.23013408338539756,0.4573827471721096,-0.44326254722125846,-1.9216326906060779,0.4573827471721096
23900000100,0.23103744058828357,0.45695385818414885,-0.44518417991186454,-1.9179807462383631,0.45695385818414885
24000000100,0.2319399719566764,0.4565232340683971,-0.4471021606581029,-1.9143247683432527,0.4565232340683971
24100000100,0.23284167573676467,0.45609087970797674,-0.4490164854264461,-1.9106647815905258,0.45609087970797674
24200000100,0.23374255019848855,0.45565679998694186,-0.45092715020803664,-1.9070008105596257,0.45565679998694186
24300000100,0.23464259363549805,0.45522099979018177,-0.45283415101859625,-1.9033328797399545,0.45522099979018177
24400000100,0.23554180436511088,0.4547834840033247,-0.4547374838983362,-1.899661013530829,0.4547834840033247
24500000100,0.23644018072826986,0.45434425751264224,-0.456637144911867,-1.8959852362415606,0.45434425751264224
24600000100,0.23733772108949996,0.45390332520495436,-0.4585331301481086,-1.89230557209153,0.45390332520495436
24700000100,0.23823442383686474,0.45346069196753486,-0.4604254357202001,-1.8886220452102669,0.45346069196753486
24800000100,0.2391302873819226,0.45301636268801754,-0.4623140577654104,-1.8849346796375346,0.45301636268801754
24900000100,0.24002531015968237,0.45257034225430265,-0.4641989924450479,-1.8812434993234715,0.45257034225430265
25000000100,0.24091949062855866,0.45212263555446425,-0.46608023594437137,-1.8775485281284543,0.45212263555446425
25100000100,0.2418128272703267,0.4516732474766578,-0.4679577844724998,-1.873849789823527,0.4516732474766578
25200000100,0.2427053185900769,0.45122218290902855,-0.4698316342623234,-1.8701473080902118,0.45122218290902855
25300000100,0.24359696311616874,0.45076944673962027,-0.4717017815704136,-1.8664411065206647,0.45076944673962027
25400000100,0.24448775940018458,0.4503150438562848,-0.47356822267693427,-1.8627312086179968,0.4503150438562848
25500000100,0.24537770601688286,0.4498589791465919,-0.47543095388555223,-1.8590176377960415,0.4498589791465919
25600000100,0.246266801564151,0.44940125749773974,-0.4772899715233483,-1.8553004173797372,0.44940125749773974
25700000100,0.24715504466295796,0.4489418837964661,-0.47914527194072803,-1.851579570604958,0.4489418837964661
25800000100,0.24804243395730619,0.44848086292895994,-0.48099685151133303,-1.8478551206190135,0.44848086292895994
25900000100,0.24892896811418355,0.44801819978077356,-0.48284470663195206,-1.8441270904804257,0.44801819978077356
26000000100,0.24981464582351456,0.44755389923673533,-0.4846888337224325,-1.8403955031591592,0.44755389923673533
26100000100,0.2506994657981115,0.44708796618086316,-0.48652922922559166,-1.8366603815367362,0.44708796618086316
26200000100,0.25158342677362483,0.4466204054962783,-0.4883658896071284,-1.8329217484065286,0.4466204054962783
26300000100,0.25246652750849385,0.44615122206511965,-0.49019881135553495,-1.829179626473655,0.44615122206511965
26400000100,0.2533487667838963,0.445680420768459,-0.4920279909820086,-1.8254340383551129,0.445680420768459
26500000100,0.25423014340369804,0.44520800648621633,-0.4938534250203637,-1.8216850065801808,0.44520800648621633
26600000100,0.2551106561944024,0.44473398409707626,-0.4956751100269439,-1.8179325535902215,0.44473398409707626
26700000100,0.2559903040050988,0.44425835847840445,-0.4974930425805341,-1.8141767017391484,0.44425835847840445
26800000100,0.25686908570741174,0.443781134506165,-0.4993072192822733,-1.8104174732932847,0.443781134506165
26900000100,0.25774700019544855,0.44330231705483825,-0.5011176367555665,-1.8066548904317297,0.44330231705483825
27000000100,0.2586240463857476,0.4428219109973391,-0.5029242916459983,-1.802888975246276,0.4428219109973391
27100000100,0.2595002232172258,0.442339921204936,-0.5047271806212446,-1.7991197497418914,0.442339921204936
27200000100,0.26037552965112587,0.4418563525471705,-0.5065263003709864,-1.795347235836536,0.4418563525471705
27300000100,0.26124996467096323,0.44137120989177725,-0.508321647606823,-1.7915714553615874,0.44137120989177725
27400000100,0.26212352728247273,0.44088449810460467,-0.5101132190621845,-1.7877924300618315,0.44088449810460467
27500000100,0.26299621651355487,0.44039622204953616,-0.5119010114922464,-1.7840101815956766,0.44039622204953616
27600000100,0.26386803141422194,0.4399063865884118,-0.5136850216738421,-1.7802247315354216,0.4399063865884118
27700000100,0.26473897105654365,0.4394149965809508,-0.5154652464053775,-1.7764361013672545,0.4394149965809508
27800000100,0.26560903453459267,0.4389220568846742,-0.5172416825067447,-1.7726443124915825,0.4389220568846742
27900000100,0.2664782209643897,0.4384275723548286,-0.5190143268192363,-1.768849386223092,0.4384275723548286
28000000100,0.26734652948384846,0.4379315478443098,-0.5207831762054594,-1.7650513437909745,0.4379315478443098
28100000100,0.26821395925272,0.4374339882035878,-0.5225482275492505,-1.7612502063391542,0.4374339882035878
28200000100,0.2690805094525374,0.4369348982806316,-0.5243094777555896,-1.7574459949264116,0.4369348982806316
28300000100,0.2699461792865595,0.436434282920835,-0.526066923750516,-1.7536387305265633,0.436434282920835
28400000100,0.2708109679797147,0.4359321469669431,-0.5278205624810426,-1.749828434028697,0.4359321469669431
28500000100,0.27167487477854463,0.43542849525897875,-0.5295703909150713,-1.7460151262373595,0.43542849525897875
28600000100,0.2725378989511473,0.43492333263417016,-0.5313164060413087,-1.7421988278727443,0.43492333263417016
28700000100,0.27340003978711996,0.43441666392687883,-0.5330586048691814,-1.738379559570769,0.43441666392687883
28800000100,0.2742612965975022,0.43390849396852804,-0.5347969844287522,-1.7345573418835483,0.43390849396852804
28900000100,0.275121668714718,0.43339882758753195,-0.5365315417706358,-1.7307321952793129,0.43339882758753195
29000000100,0.2759811554925182,0.43288766960922526,-0.5382622739659151,-1.7269041401428287,0.43288766960922526
29100000100,0.27683975630592256,0.4323750248557932,-0.539989178106058,-1.72307319677549,0.4323750248557932
29200000100,0.27769747055116134,0.4318608981462026,-0.5417122513028334,-1.7192393853954098,0.4318608981462026
29300000100,0.278554297645617,0.4313452942961329,-0.5434314906882288,-1.7154027261379632,0.4313452942961329
29400000100,0.2794102370277654,0.4308282181179083,-0.5451468934143668,-1.7115632390556623,0.4308282181179083
29500000100,0.280265288157117,0.4303096744204299,-0.5468584566534225,-1.7077209441187038,0.4303096744204299
29600000100,0.28111945051415754,0.4297896680091089,-0.5485661775975412,-1.7038758612147382,0.4297896680091089
29700000100,0.28197272360028885,0.4292682036858001,-0.550270053458756,-1.7000280101495342,0.4292682036858001
29800000100,0.28282510693776924,0.42874528624873587,-0.5519700814689056,-1.696177410647032,0.42874528624873587
29900000100,0.2836766000696536,0.42822092049246097,-0.5536662588795526,-1.6923240823494012,0.42822092049246097
30000000100,0.28452720255973357,0.4276951112077676,-0.555358582961902,-1.6884680448175997,0.4276951112077676
30100000100,0.2853769139924773,0.4271678631816313,-0.5570470510067196,-1.684609317531271,0.4271678631816313
30200000100,0.28622573397296897,0.4266391811971471,-0.5587316603242508,-1.680747919889253,0.4266391811971471
30300000100,0.2870736621268484,0.4261090700334666,-0.5604124082441401,-1.6768838712095349,0.4261090700334666
30400000100,0.28792069810025,0.42557753446573515,-0.5620892921153496,-1.6730171907298272,0.42557753446573515
30500000100,0.28876684155974214,0.42504457926503003,-0.5637623093060795,-1.6691478976074712,0.42504457926503003
30600000100,0.2896120921922658,0.42451020919829874,-0.565431457203687,-1.6652760109199023,0.42451020919829874
30700000100,0.2904564497050732,0.4239744290282983,-0.567096733214607,-1.6614015496646726,0.4239744290282983
30800000100,0.2912999138256665,0.4234372435135347,-0.5687581347642716,-1.6575245327600343,0.4234372435135347
30900000100,0.29214248430173584,0.42289865740820304,-0.5704156592970318,-1.6536449790448002,0.42289865740820304
31000000100,0.2929841609010978,0.42235867546212846,-0.5720693042760766,-1.6497629072788227,0.42235867546212846
31100000100,0.2938249434116332,0.42181730242070714,-0.5737190671833554,-1.6458783361432459,0.42181730242070714
31200000100,0.2946648316412249,0.4212745430248482,-0.5753649455194987,-1.6419912842406017,0.4212745430248482
31300000100,0.29550382541769576,0.42073040201091594,-0.5770069368037393,-1.6381017700951817,0.42073040201091594
31400000100,0.2963419245887457,0.420184884110673,-0.5786450385738344,-1.634209812153244,0.420184884110673
31500000100,0.2971791290218893,0.4196379940512235,-0.5802792483859877,-1.6303154287833959,0.4196379940512235
31600000100,0.2980154386043931,0.41908973655495707,-0.5819095638147711,-1.626418638276582,0.41908973655495707
31700000100,0.29885085324321253,0.4185401163394935,-0.5835359824530477,-1.6225194588466372,0.4185401163394935
31800000100,0.2996853728649288,0.41798913811762756,-0.5851585019118943,-1.618617908630338,0.41798913811762756
31900000100,0.3005189974156857,0.4174368065972747,-0.5867771198205247,-1.6147140056876816,0.4174368065972747
32000000100,0.3013517268611265,0.4168831264814173,-0.5883918338262124,-1.6108077680023327,0.4168831264814173
32100000100,0.30218356118632994,0.4163281024680509,-0.5900026415942148,-1.6068992134816837,0.4163281024680509
32200000100,0.3030145003957471,0.415771739250132,-0.5916095408076965,-1.6029883599571426,0.415771739250132
32300000100,0.3038445445131375,0.41521404151552516,-0.5932125291676537,-1.599075225184643,0.41521404151552516
32400000100,0.30467369358150515,0.41465501394695176,-0.5948116043928383,-1.5951598268444322,0.41465501394695176
32500000100,0.3055019476630345,0.4140946612219384,-0.5964067642196828,-1.5912421825419814,0.4140946612219384
32600000100,0.3063293068390267,0.41353298801276644,-0.5979980064022248,-1.5873223098075573,0.41353298801276644
32700000100,0.30715577120983495,0.4129699989864218,-0.5995853287120323,-1.5834002260971305,0.4129699989864218
32800000100,0.30798134089480045,0.41240569880454514,-0.6011687289381294,-1.5794759487921803,0.41240569880454514
32900000100,0.3088060160321878,0.41184009212338313,-0.6027482048869215,-1.5755494952002191,0.41184009212338313
33000000100,0.3096297967791207,0.4112731835937395,-0.6043237543821218,-1.5716208825551017,0.4112731835937395
33100000100,0.31045268331151704,0.4107049778609272,-0.605895375264677,-1.5676901280170528,0.4107049778609272
33200000100,0.31127467582402424,0.4101354795647207,-0.607463065392694,-1.5637572486732618,0.4101354795647207
33300000100,0.3120957745299546,0.4095646933393091,-0.6090268226413673,-1.5598222615378052,0.4095646933393091
33400000100,0.31291597966122003,0.4089926238132497,-0.6105866449029052,-1.5558851835523546,0.4089926238132497
33500000100,0.31373529146826745,0.40841927560942176,-0.6121425300864575,-1.5519460315861058,0.40841927560942176
33600000100,0.3145537102200133,0.40784465334498127,-0.6136944761180436,-1.548004822436269,0.40784465334498127
33700000100,0.3153712362037787,0.40726876163131587,-0.6152424809404798,-1.544061572828173,0.40726876163131587
33800000100,0.3161878697252239,0.40669160507400054,-0.616786542513308,-1.5401162994157565,0.40669160507400054
33900000100,0.31700361110828307,0.4061131882727536,-0.6183266588127236,-1.5361690187817878,0.4061131882727536
34000000100,0.3178184606950989,0.4055335158213933,-0.6198628278315055,-1.5322197474380896,0.4055335158213933
34100000100,0.31863241884595705,0.40495259230779485,-0.6213950475789436,-1.5282685018258135,0.40495259230779485
34200000100,0.31944548593922073,0.40437042231384823,-0.6229233160807693,-1.5243152983158361,0.40437042231384823
34300000100,0.32025766237126485,0.40378701041541615,-0.6244476313790852,-1.5203601532090993,0.40378701041541615
34400000100,0.3210689485564105,0.4032023611822927,-0.6259679915322943,-1.5164030827366752,0.4032023611822927
34500000100,0.3218793449268591,0.4026164791781624,-0.627484394615031,-1.5124441030602762,0.4026164791781624
34600000100,0.32268885193262675,0.4020293689605601,-0.6289968387180913,-1.508483230272382,0.4020293689605601
34700000100,0.3234974700414782,0.4014410350808307,-0.6305053219483638,-1.5045204803968133,0.4014410350808307
34800000100,0.32430519973886107,0.4008514820840901,-0.6320098424287607,-1.5005558693886365,0.4008514820840901
34900000100,0.3251120415278397,0.40026071450918627,-0.6335103982981494,-1.4965894131348003,0.40026071450918627
35000000100,0.3259179959290293,0.3996687368886607,-0.6350069877112842,-1.4926211274542691,0.3996687368886607
35100000100,0.32672306348052993,0.39907555374871084,-0.6364996088387385,-1.4886510280983836,0.39907555374871084
35200000100,0.32752724473786016,0.39848116960915225,-0.6379882598668368,-1.4846791307511675,0.39848116960915225
35300000100,0.32833054027389114,0.39788558898338217,-0.639472938997588,-1.480705451029471,0.39788558898338217
35400000100,0.3291329506787804,0.39728881637834285,-0.6409536444486175,-1.4767300044836156,0.39728881637834285
35500000100,0.3299344765599056,0.39669085629448564,-0.642430374453101,-1.4727528065973754,0.39669085629448564
35600000100,0.3307351185417982,0.39609171322573566,-0.6439031272596984,-1.4687738727883488,0.39609171322573566
35700000100,0.33153487726607733,0.39549139165945685,-0.6453719011324868,-1.464793218408445,0.39549139165945685
35800000100,0.3323337533913834,0.3948898960764174,-0.6468366943508952,-1.4608108587440385,0.3948898960764174
35900000100,0.33313174759331177,0.3942872309507558,-0.6482975052096392,-1.4568268090162384,0.3942872309507558
36000000100,0.33392886056434645,0.39368340074994745,-0.6497543320186555,-1.4528410843812685,0.39368340074994745
36100000100,0.3347250930137937,0.39307840993477156,-0.6512071731030368,-1.4488536999308548,0.39307840993477156
36200000100,0.33552044566771566,0.39247226295927856,-0.6526560268029676,-1.4448646706923856,0.39247226295927856
36300000100,0.33631491926886387,0.3918649642707581,-0.65410089147366,-1.440874011629305,0.3918649642707581
36400000100,0.3371085145766129,0.3912565183097076,-0.6555417654852893,-1.4368817376413912,0.3912565183097076
36500000100,0.33790123236689396,0.3906469295098007,-0.6569786472229306,-1.4328878635652047,0.3906469295098007
36600000100,0.33869307343212834,0.39003620229785707,-0.6584115350864959,-1.428892404174042,0.39003620229785707
36700000100,0.33948403858116116,0.389424341093812,-0.6598404274906698,-1.4248953741787784,0.389424341093812
36800000100,0.34027412863919476,0.3888113503106868,-0.6612653228648486,-1.4208967882276573,0.3888113503106868
36900000100,0.34106334444772224,0.3881972343545594,-0.6626862196530763,-1.416896660907025,0.3881972343545594
37000000100,0.3418516868644611,0.3875819976245356,-0.6641031163139833,-1.4128950067413513,0.3875819976245356
37100000100,0.3426391567632867,0.386965644512721,-0.6655160113207247,-1.4088918401936876,0.386965644512721
37200000100,0.34342575503416595,0.38634817940419275,-0.6669249031609183,-1.4048871756660262,0.38634817940419275
37300000100,0.3442114825830907,0.3857296066769725,-0.6683297903365844,-1.4008810274994885,0.3857296066769725
37400000100,0.3449963403320114,0.38510993070199917,-0.6697306713640838,-1.3968734099746833,0.38510993070199917
37500000100,0.3457803292187706,0.38448915584310267,-0.6711275447740584,-1.3928643373121252,0.38448915584310267
37600000100,0.34656345019703677,0.3838672864569777,-0.6725204091113706,-1.3888538236723749,0.3838672864569777
37700000100,0.34734570423623756,0.3832443268931583,-0.6739092629350429,-1.3848418831565161,0.3832443268931583
37800000100,0.34812709232149364,0.38262028149399263,-0.6752941048181994,-1.380828529806414,0.38262028149399263
37900000100,0.34890761545355237,0.38199515459461836,-0.6766749333480058,-1.3768137776050846,0.38199515459461836
38000000100,0.3496872746487213,0.3813689505229384,-0.6780517471256109,-1.3727976404768996,0.3813689505229384
38100000100,0.35046607093880194,0.38074167359959704,-0.6794245447660878,-1.3687801322880755,0.38074167359959704
38200000100,0.3512440053710235,0.3801133281379566,-0.6807933248983759,-1.3647612668467697,0.3801133281379566
38300000100,0.35202107900797663,0.37948391844407475,-0.6821580861652227,-1.3607410579035715,0.37948391844407475
38400000100,0.352797292927547,0.37885344881668165,-0.6835188272231263,-1.356719519151941,0.37885344881668165
38500000100,0.35357264822284934,0.3782219235471582,-0.6848755467422782,-1.3526966642281455,0.3782219235471582
38600000100,0.3543471460021611,0.37758934691951446,-0.6862282434065063,-1.3486725067119811,0.37758934691951446
38700000100,0.3551207873888564,0.37695572321036824,-0.6875769159132183,-1.344647060126881,0.37695572321036824
38800000100,0.35589357352133977,0.37632105668892457,-0.6889215629733453,-1.3406203379403074,0.37632105668892457
38900000100,0.35666550555298027,0.3756853516169554,-0.6902621833112856,-1.3365923535639754,0.3756853516169554
39000000100,0.3574365846520453,0.3750486122487795,-0.6915987756648496,-1.332563120354415,0.3750486122487795
39100000100,0.3582068120016348,0.3744108428312434,-0.6929313387852041,-1.328532651612979,0.3744108428312434
39200000100,0.358976188799615,0.373772047603702,-0.694259871436817,-1.3245009605864628,0.373772047603702
39300000100,0.35974471625855287,0.3731322307980001,-0.6955843723974034,-1.320468060467285,0.3731322307980001
39400000100,0.3605123956056499,0.37249139663845443,-0.6969048404578707,-1.3164339643937206,0.37249139663845443
39500000100,0.3612792280826766,0.37184954934183545,-0.6982212744222644,-1.3123986854504763,0.37184954934183545
39600000100,0.36204521494590647,0.3712066931173504,-0.699533673107715,-1.308362236668761,0.3712066931173504
39700000100,0.3628103574660505,0.3705628321666261,-0.7008420353443837,-1.304324631026808,0.3705628321666261
39800000100,0.3635746569281914,0.3699179706836927,-0.7021463599754105,-1.3002858814500633,0.3699179706836927
39900000100,0.364338114631718,0.3692721128549673,-0.7034466458568606,-1.2962460008115992,0.3692721128549673
40000000100,0.3651007318902597,0.3686252628592385,-0.7047428918576721,-1.2922050019324183,0.3686252628592385
40100000100,0.365862510031621,0.367977424867651,-0.7060350968596044,-1.2881628975818156,0.367977424867651
40200000100,0.366623450397716,0.36732860304369064,-0.7073232597571862,-1.284119700477575,0.36732860304369064
40300000100,0.36738355434450304,0.3666788015431701,-0.7086073794576638,-1.2800754232864477,0.3666788015431701
40400000100,0.3681428232419195,0.36602802451421473,-0.7098874548809503,-1.2760300786244636,0.36602802451421473
40500000100,0.36890125847381633,0.3653762760972488,-0.7111634849595747,-1.271983679057078,0.3653762760972488
40600000100,0.36965886143789306,0.36472356042498244,-0.7124354686386318,-1.2679362370997682,0.36472356042498244
40700000100,0.37041563354563256,0.36406988162239856,-0.7137034048757315,-1.2638877652181832,0.36406988162239856
40800000100,0.371171576222236,0.36341524380674045,-0.7149672926409496,-1.2598382758285753,0.36341524380674045
40900000100,0.37192669090655794,0.36275965108749975,-0.7162271309167781,-1.2557877812979572,0.36275965108749975
41000000100,0.3726809790510412,0.36210310756640457,-0.7174829186980761,-1.2517362939447023,0.36210310756640457
41100000100,0.3734344421216522,0.36144561733740843,-0.7187346549920207,-1.2476838260385383,0.36144561733740843
41200000100,0.3741870815978163,0.3607871844866791,-0.7199823388180593,-1.2436303898012648,0.3607871844866791
41300000100,0.37493889897235255,0.36012781309258823,-0.7212259692078605,-1.2395759974066927,0.36012781309258823
41400000100,0.3756898957514099,0.3594675072257011,-0.7224655452052672,-1.2355206609812008,0.3594675072257011
41500000100,0.3764400734544018,0.3588062709487669,-0.7237010658662484,-1.2314643926041233,0.3588062709487669
41600000100,0.3771894336139423,0.3581441083167093,-0.7249325302588524,-1.2274072043078648,0.3581441083167093
41700000100,0.3779379777757815,0.3574810233766175,-0.7261599374631603,-1.2233491080783476,0.3574810233766175
41800000100,0.378685707498741,0.35681702016773753,-0.7273832865712386,-1.2192901158554093,0.35681702016773753
41900000100,0.37943262435465,0.35615210272146397,-0.728602576687094,-1.215230239532863,0.35615210272146397
42000000100,0.38017872992828106,0.35548627506133207,-0.7298178069266269,-1.211169490959288,0.35548627506133207
42100000100,0.3809240258172858,0.35481954120301035,-0.7310289764175862,-1.2071078819378187,0.35481954120301035
42200000100,0.3816685136321312,0.3541519051542932,-0.732236084299524,-1.2030454242269908,0.3541519051542932
42300000100,0.3824121949960357,0.3534833709150943,-0.7334391297237511,-1.1989821295405356,0.3534833709150943
42400000100,0.38315507154490497,0.3528139424774402,-0.7346381118532916,-1.194918009548286,0.3528139424774402
42500000100,0.3838971449272688,0.352143623825464,-0.7358330298628399,-1.1908530758760283,0.352143623825464
42600000100,0.3846384168042169,0.3514724189354,-0.737023882938716,-1.1867873401059688,0.3514724189354
42700000100,0.3853788888493358,0.3508003317755781,-0.7382106702788219,-1.1827208137773115,0.3508003317755781
42800000100,0.3861185627486451,0.35012736630641894,-0.7393933910925993,-1.1786535083862275,0.35012736630641894
42900000100,0.3868574402005342,0.3494535264804292,-0.7405720446009855,-1.1745854353862695,0.3494535264804292
43000000100,0.3875955229156991,0.3487788162421974,-0.7417466300363718,-1.1705166061890118,0.3487788162421974
43100000100,0.3883328126170791,0.34810323952838984,-0.7429171466425608,-1.1664470321639138,0.34810323952838984
43200000100,0.38906931103979375,0.3474268002677472,-0.7440835936747248,-1.162376724638851,0.3474268002677472
43300000100,0.38980501993108,0.3467495023810811,-0.7452459703993636,-1.158305694900704,0.3467495023810811
43400000100,0.39053994105022916,0.3460713497812714,-0.7464042760942643,-1.1542339541951163,0.3460713497812714
43500000100,0.391274076168524,0.3453923463732636,-0.7475585100484594,-1.150161513727364,0.3453923463732636
43600000100,0.39200742706917646,0.3447124960540666,-0.7487086715621869,-1.1460883846623955,0.3447124960540666
43700000100,0.39273999554726463,0.34403180271275086,-0.7498547599468492,-1.142014578125259,0.34403180271275086
43800000100,0.3934717834096705,0.34335027023044684,-0.7509967745249745,-1.1379401052012574,0.34335027023044684
43900000100,0.39420279247501744,0.34266790248034384,-0.7521347146301758,-1.1338649769366014,0.34266790248034384
44000000100,0.39493302457360807,0.34198470332768927,-0.7532685796071124,-1.1297892043383444,0.34198470332768927
44100000100,0.3956624815473619,0.34130067662978786,-0.7543983688114507,-1.1257127983751531,0.34130067662978786
44200000100,0.3963911652497533,0.3406158262360017,-0.7555240816098259,-1.1216357699771324,0.3406158262360017
44300000100,0.3971190775457497,0.33993015598775017,-0.756645717379803,-1.117558130036542,0.33993015598775017
44400000100,0.3978462203117494,0.3392436697185107,-0.7577632755098396,-1.1134798894079612,0.3392436697185107
44500000100,0.39857259543552,0.33855637125381927,-0.7588767553992475,-1.109401058908675,0.33855637125381927
44600000100,0.3992982048161368,0.3378682644112716,-0.7599861564581561,-1.1053216493188402,0.3378682644112716
44700000100,0.4000230503639211,0.3371793530005247,-0.761091478107475,-1.1012416713820978,0.3371793530005247
44800000100,0.4007471340003788,0.33648964082329846,-0.7621927197788572,-1.0971611358056328,0.33648964082329846
44900000100,0.4014704576581391,0.3357991316733777,-0.7632898809146628,-1.0930800532605658,0.3357991316733777
45000000100,0.4021930232808933,0.3351078293366148,-0.7643829609679235,-1.0889984343822932,0.3351078293366148
45100000100,0.4029148328233335,0.334415737590932,-0.7654719594023057,-1.0849162897709952,0.334415737590932
45200000100,0.4036358882510919,0.3337228602063248,-0.7665568756920768,-1.0808336299914776,0.3337228602063248
45300000100,0.40435619154067975,0.333029200944865,-0.7676377093220682,-1.0767504655741282,0.333029200944865
45400000100,0.4050757446794264,0.33233476356070435,-0.7687144597876423,-1.0726668070147058,0.33233476356070435
45500000100,0.40579454966541895,0.33163955180007865,-0.769787126594657,-1.0685826647748544,0.33163955180007865
45600000100,0.40651260850744153,0.3309435694013118,-0.7708557092594318,-1.0644980492825633,0.3309435694013118
45700000100,0.4072299232249148,0.3302468200948204,-0.7719202073087144,-1.0604129709322956,0.3302468200948204
45800000100,0.4079464958478358,0.3295493076031186,-0.7729806202796466,-1.0563274400853384,0.3295493076031186
45900000100,0.4086623284167177,0.32885103564082313,-0.774036947719732,-1.0522414670702138,0.32885103564082313
46000000100,0.40937742298252944,0.3281520079146588,-0.7750891891868021,-1.0481550621828648,0.3281520079146588
46100000100,0.4100917816066362,0.32745222812346425,-0.776137344248985,-1.0440682356871802,0.32745222812346425
46200000100,0.41080540636073914,0.32675169995819786,-0.7771814124846722,-1.0399809978150172,0.32675169995819786
46300000100,0.411518299326816,0.3260504271019442,-0.7782213934824872,-1.0358933587668404,0.3260504271019442
46400000100,0.41223046259706114,0.3253484132299205,-0.7792572868412541,-1.0318053287118587,0.3253484132299205
46500000100,0.41294189827382627,0.3246456620094834,-0.7802890921699659,-1.0277169177882768,0.3246456620094834
46600000100,0.4136526084695609,0.32394217710013656,-0.7813168090877541,-1.0236281361037698,0.32394217710013656
46700000100,0.41436259530675335,0.32323796215353756,-0.7823404372238579,-1.0195389937357924,0.32323796215353756
46800000100,0.41507186091787124,0.32253302081350593,-0.7833599762175936,-1.015449500731724,0.32253302081350593
46900000100,0.4157804074453027,0.3218273567160312,-0.7843754257183253,-1.0113596671093463,0.3218273567160312
47000000100,0.41648823704129734,0.321120973489281,-0.7853867853854346,-1.0072695028572138,0.321120973489281
47100000100,0.41719535186790757,0.32041387475360966,-0.7863940548882918,-1.003179017934746,0.32041387475360966
47200000100,0.41790175409692987,0.3197060641215672,-0.7873972339062266,-0.999088222272654,0.3197060641215672
47300000100,0.41860744590984617,0.31899754519790824,-0.7883963221284993,-0.9949971257733721,0.31899754519790824
47400000100,0.41931242949776565,0.3182883215796014,-0.7893913192542726,-0.9909057383111515,0.3182883215796014
47500000100,0.4200167070613662,0.31757839685583916,-0.7903822249925838,-0.98681406973255,0.31757839685583916
47600000100,0.4207202808108363,0.31686777460804744,-0.7913690390623164,-0.9827221298567526,0.31686777460804744
47700000100,0.42142315296581706,0.316156458409896,-0.7923517611921731,-0.9786299284756177,0.316156458409896
47800000100,0.4221253257553443,0.31544445182730874,-0.7933303911206487,-0.9745374753543339,0.31544445182730874
47900000100,0.4228268014177905,0.3147317584184746,-0.7943049285960031,-0.9704447802315248,0.3147317584184746
48000000100,0.42352758220080744,0.3140183817338583,-0.7952753733762347,-0.9663518528196873,0.3140183817338583
48100000100,0.4242276703612684,0.31330432531621166,-0.7962417252290543,-0.9622587028052965,0.31330432531621166
48200000100,0.42492706816521086,0.31258959270058506,-0.7972039839318596,-0.9581653398493595,0.31258959270058506
48300000100,0.4256257778877791,0.31187418741433914,-0.798162149271709,-0.9540717735876336,0.31187418741433914
48400000100,0.42632380181316704,0.3111581129771568,-0.7991162210452967,-0.949978013630794,0.3111581129771568
48500000100,0.42702114223456117,0.3104413729010554,-0.8000661990589275,-0.945884069564932,0.3104413729010554
48600000100,0.42771780145408367,0.30972397069039925,-0.8010120831284925,-0.9417899509518359,0.30972397069039925
48700000100,0.4284137817827355,0.30900590984191234,-0.8019538730794443,-0.9376956673291597,0.30900590984191234
48800000100,0.4291090855403398,0.30828719384469133,-0.8028915687467735,-0.9336012282108712,0.30828719384469133
48900000100,0.42980371505548526,0.3075678261802187,-0.8038251699749843,-0.9295066430875918,0.3075678261802187
49000000100,0.4304976726654698,0.3068478103223763,-0.8047546766180719,-0.9254119214267131,0.3068478103223763
49100000100,0.431190960716244,0.3061271497374588,-0.8056800885394985,-0.9213170726728501,0.3061271497374588
49200000100,0.4318835815623554,0.30540584788418795,-0.8066014056121713,-0.9172221062480708,0.30540584788418795
49300000100,0.4325755375668918,0.30468390821372654,-0.8075186277184194,-0.9131270315522955,0.30468390821372654
49400000100,0.43326683110142594,0.3039613341696928,-0.8084317547499718,-0.9090318579635324,0.3039613341696928
49500000100,0.4339574645459593,0.30323812918817505,-0.8093407866079353,-0.9049365948381092,0.30323812918817505
49600000100,0.4346474402888665,0.30251429669774677,-0.8102457232027734,-0.9008412515111339,0.30251429669774677
49700000100,0.4353367607268399,0.3017898401194813,-0.8111465644542846,-0.8967458372967858,0.3017898401194813
49800000100,0.43602542826483404,0.3010647628669674,-0.8120433102915814,-0.8926503614883317,0.3010647628669674
49900000100,0.43671344531601036,0.3003390683463248,-0.8129359606530697,-0.8885548333587538,0.3003390683463248
50000000100,0.4374008143016821,0.29961275995622,-0.8138245154864285,-0.8844592621610474,0.29961275995622
50100000100,0.4380875376512591,0.298885841087882,-0.8147089747485896,-0.8803636571282945,0.298885841087882
50200000100,0.43877361780219304,0.2981583151251189,-0.8155893384057179,-0.8762680274739614,0.2981583151251189
50300000100,0.43945905719992273,0.29743018544433397,-0.8164656064331919,-0.8721723823925882,0.29743018544433397
50400000100,0.4401438582978191,0.29670145541454246,-0.8173377788155844,-0.8680767310595336,0.29670145541454246
50500000100,0.440828023557131,0.2959721283973885,-0.8182058555466439,-0.86398108263172,0.2959721283973885
50600000100,0.4415115554469307,0.29524220774716214,-0.8190698366292757,-0.8598854462477159,0.29524220774716214
50700000100,0.4421944564440595,0.29451169681081657,-0.8199297220755234,-0.8557898310280365,0.29451169681081657
50800000100,0.44287672903307373,0.2937805989279857,-0.8207855119065515,-0.8516942460755075,0.2937805989279857
50900000100,0.4435583757061906,0.29304891743100175,-0.821637206152627,-0.8475987004755137,0.29304891743100175
51000000100,0.44423939896323444,0.2923166556449133,-0.8224848048531025,-0.8435032032962493,0.2923166556449133
51100000100,0.4449198013115827,0.2915838168875034,-0.8233283080563988,-0.839407763589139,0.2915838168875034
51200000100,0.4455995852661126,0.29085040446930766,-0.8241677158199879,-0.8353123903890356,0.29085040446930766
51300000100,0.44627875334914735,0.2901164216936331,-0.825003028210377,-0.8312170927144729,0.2901164216936331
51400000100,0.44695730809040285,0.28938187185657666,-0.8258342453030914,-0.8271218795681452,0.28938187185657666
51500000100,0.44763525202693455,0.2886467582470441,-0.8266613671826595,-0.8230267599368846,0.2886467582470441
51600000100,0.4483125877030841,0.28791108414676936,-0.8274843939425963,-0.8189317427922536,0.28791108414676936
51700000100,0.4489893176704264,0.2871748528303335,-0.8283033256853886,-0.8148368370907457,0.2871748528303335
51800000100,0.4496654444877168,0.2864380675651845,-0.8291181625224793,-0.8107420517738804,0.2864380675651845
51900000100,0.45034097072083834,0.28570073161165677,-0.8299289045742532,-0.8066473957687401,0.28570073161165677
52000000100,0.45101589894274896,0.2849628482229912,-0.8307355519700219,-0.8025528779882318,0.2849628482229912
52100000100,0.45169023173342915,0.28422442064535514,-0.8315381048480102,-0.7984585073311834,0.28422442064535514
52200000100,0.45236397167982945,0.2834854521178626,-0.8323365633553413,-0.794364292682773,0.2834854521178626
52300000100,0.4530371213758183,0.2827459458725948,-0.8331309276480241,-0.7902702429149047,0.2827459458725948
52400000100,0.45370968342212986,0.2820059051346207,-0.833921197890939,-0.7861763668862511,0.2820059051346207
52500000100,0.45438166042631195,0.28126533312201796,-0.8347073742578253,-0.7820826734426869,0.28126533312201796
52600000100,0.4550530550026742,0.2805242330458937,-0.835489456931268,-0.7779891714175551,0.2805242330458937
52700000100,0.45572386977223633,0.2797826081104059,-0.8362674461026856,-0.7738958696319358,0.2797826081104059
52800000100,0.4563941073626766,0.2790404615127846,-0.8370413419723175,-0.7698027768950257,0.2790404615127846
52900000100,0.45706377040828,0.27829779644335345,-0.8378111447492125,-0.7657099020041853,0.27829779644335345
53000000100,0.45773286154988724,0.27755461608555143,-0.8385768546512167,-0.7616172537453774,0.27755461608555143
53100000100,0.45840138343484316,0.2768109236159546,-0.839338471904962,-0.7575248408935484,0.2768109236159546
53200000100,0.45906933871694583,0.27606672220429834,-0.8400959967458556,-0.7534326722125686,0.27606672220429834
53300000100,0.4597367300563954,0.2753220150134994,-0.8408494294180682,-0.7493407564559489,0.2753220150134994
53400000100,0.4604035601197434,0.27457680519967825,-0.8415987701745241,-0.7452491023667822,0.27457680519967825
53500000100,0.46106983157984166,0.27383109591218174,-0.8423440192768908,-0.7411577186780736,0.27383109591218174
53600000100,0.4617355471157919,0.27308489029360566,-0.843085176995569,-0.7370666141131832,0.27308489029360566
53700000100,0.4624007094128952,0.27233819147981775,-0.8438222436096822,-0.7329757973858804,0.27233819147981775
53800000100,0.4630653211626014,0.27159100259998054,-0.844555219407068,-0.7288852772008438,0.27159100259998054
53900000100,0.4637293850624592,0.27084332677657463,-0.8452841046842688,-0.724795062253661,0.27084332677657463
54000000100,0.46439290381606557,0.27009516712542214,-0.8460088997465225,-0.7207051612313302,0.27009516712542214
54100000100,0.4650558801330161,0.26934652675570997,-0.8467296049077538,-0.7166155828125416,0.26934652675570997
54200000100,0.4657183167288547,0.26859740877001365,-0.8474462204905663,-0.7125263356676774,0.26859740877001365
54300000100,0.46638021632502424,0.26784781626432097,-0.8481587468262339,-0.7084374284594295,0.26784781626432097
54400000100,0.4670415816488165,0.26709775232805605,-0.8488671842546934,-0.7043488698427465,0.26709775232805605
54500000100,0.4677024154333228,0.2663472200441035,-0.8495715331245361,-0.7002606684653394,0.2663472200441035
54600000100,0.4683627204173846,0.2655962224888324,-0.8502717937930014,-0.6961728329679666,0.2655962224888324
54700000100,0.4690224993455441,0.26484476273212104,-0.8509679666259694,-0.6920853719843274,0.26484476273212104
54800000100,0.469681754967995,0.2640928438373812,-0.8516600519979537,-0.6879982941418488,0.2640928438373812
54900000100,0.4703404900405337,0.2633404688615829,-0.8523480502920956,-0.6839116080615824,0.2633404688615829
55000000100,0.47099870732450994,0.2625876408552794,-0.8530319619001572,-0.6798253223586019,0.2625876408552794
55100000100,0.4716564095867783,0.2618343628626319,-0.8537117872225157,-0.6757394456422914,0.2618343628626319
55200000100,0.47231359959964925,0.26108063792143477,-0.854387526668158,-0.6716539865164652,0.26108063792143477
55300000100,0.47297028014084075,0.2603264690631408,-0.8550591806546745,-0.6675689535798253,0.2603264690631408
55400000100,0.4736264539934296,0.25957185931288657,-0.8557267496082542,-0.6634843554260275,0.25957185931288657
55500000100,0.47428212394580316,0.25881681168951803,-0.8563902339636803,-0.6594002006441944,0.25881681168951803
55600000100,0.47493729279161107,0.25806132920561603,-0.8570496341643244,-0.6553164978188735,0.25806132920561603
55700000100,0.47559196332971704,0.25730541486752206,-0.8577049506621434,-0.6512332555304949,0.25730541486752206
55800000100,0.47624613836415103,0.2565490716753644,-0.8583561839176739,-0.6471504823554965,0.2565490716753644
55900000100,0.4768998207040612,0.25579230262308383,-0.8590033344000294,-0.6430681868668406,0.25579230262308383
56000000100,0.47755301316366594,0.2550351106984601,-0.8596464025868963,-0.6389863776338613,0.2550351106984601
56100000100,0.47820571856220667,0.2542774988831379,-0.8602853889645301,-0.6349050632228941,0.2542774988831379
56200000100,0.47885793972389984,0.25351947015265364,-0.860920294027753,-0.6308242521972918,0.25351947015265364
56300000100,0.4795096794778897,0.2527610274764617,-0.8615511182799503,-0.6267439531178862,0.2527610274764617
56400000100,0.4801609406582008,0.2520021738179611,-0.8621778622330682,-0.6226641745429533,0.2520021738179611
56500000100,0.48081172610369105,0.25124291213452243,-0.8628005264076112,-0.6185849250287299,0.25124291213452243
56600000100,0.4814620386580042,0.25048324537751465,-0.8634191113326399,-0.6145062131295451,0.25048324537751465
56700000100,0.4821118811695232,0.2497231764923321,-0.8640336175457695,-0.610428047398063,0.2497231764923321
56800000100,0.4827612564913232,0.2489627084184216,-0.8646440455931675,-0.6063504363856376,0.2489627084184216
56900000100,0.48341016748112464,0.24820184408930973,-0.8652503960295532,-0.6022733886423322,0.24820184408930973
57000000100,0.4840586170012468,0.24744058643263012,-0.8658526694181956,-0.5981969127174438,0.24744058643263012
57100000100,0.48470660791856107,0.246678938370151,-0.8664508663309131,-0.5941210171595239,0.246678938370151
57200000100,0.4853541431044446,0.2459169028178027,-0.8670449873480726,-0.5900457105168193,0.2459169028178027
57300000100,0.48600122543473384,0.2451544826857053,-0.8676350330585894,-0.5859710013372954,0.2451544826857053
57400000100,0.4866478577896785,0.24439168087819652,-0.8682210040599266,-0.5818968981690493,0.24439168087819652
57500000100,0.4872940430538953,0.24362850029385946,-0.8688029009580956,-0.5778234095605572,0.24362850029385946
57600000100,0.48793978411632194,0.24286494382555074,-0.8693807243676562,-0.5737505440607551,0.24286494382555074
57700000100,0.48858508387017124,0.24210101436042847,-0.869954474911717,-0.5696783102194538,0.24210101436042847
57800000100,0.4892299452128854,0.2413367147799805,-0.8705241532219364,-0.5656067165874759,0.2413367147799805
57900000100,0.48987437104609005,0.24057204796005272,-0.8710897599385239,-0.5615357717169329,0.24057204796005272
58000000100,0.490518364275549,0.2398070167708774,-0.8716512957102408,-0.5574654841614479,0.2398070167708774
58100000100,0.4911619278111186,0.23904162407710175,-0.8722087611944023,-0.5533958624764328,0.23904162407710175
58200000100,0.4918050645667023,0.23827587273781642,-0.8727621570568787,-0.549326915219255,0.23827587273781642
58300000100,0.49244777746020546,0.2375097656065842,-0.8733114839720979,-0.5452586509495179,0.2375097656065842
58400000100,0.4930900694134901,0.23674330553146888,-0.8738567426230475,-0.5411910782292835,0.23674330553146888
58500000100,0.49373194335232995,0.2359764953550639,-0.8743979337012767,-0.5371242056233532,0.2359764953550639
58600000100,0.4943734022063654,0.2352093379145215,-0.8749350579069001,-0.5330580416993522,0.2352093379145215
58700000100,0.49501444890905855,0.23444183604158164,-0.8754681159485994,-0.5289925950281795,0.23444183604158164
58800000100,0.4956550863976487,0.23367399256260113,-0.8759971085436276,-0.5249278741840366,0.23367399256260113
58900000100,0.4962953176131075,0.2329058102985829,-0.8765220364178116,-0.520863887744766,0.2329058102985829
59000000100,0.4969351455000944,0.23213729206520523,-0.8770429003055563,-0.5168006442921065,0.23213729206520523
59100000100,0.4975745730069121,0.2313684406728511,-0.8775597009498485,-0.5127381524118066,0.2313684406728511
59200000100,0.4982136030854625,0.2305992589266377,-0.8780724391022603,-0.5086764206939101,0.2305992589266377
59300000100,0.4988522386912021,0.22982974962644598,-0.8785811155229543,-0.5046154577330664,0.22982974962644598
59400000100,0.49949048278309804,0.2290599155669501,-0.8790857309806873,-0.5005552721285633,0.2290599155669501
59500000100,0.5001283383235839,0.22828975953764735,-0.8795862862528159,-0.49649587248472415,0.22828975953764735
59600000100,0.500765808278516,0.22751928432288773,-0.8800827821253006,-0.49243726741110794,0.22751928432288773
59700000100,0.501402895617129,0.22674849270190386,-0.8805752193927117,-0.4883794655226006,0.22674849270190386
59800000100,0.5020396033119927,0.22597738744884088,-0.8810635988582343,-0.48432247543978324,0.22597738744884088
59900000100,0.5026759343389681,0.22520597133278644,-0.8815479213336741,-0.4802663057890797,0.22520597133278644
