time_ns,x,y,theta,omega
40100,0.000995004165278026,0.5000998334166469,0.09999999999999999,0.0
100040100,0.001990008330556052,0.5001996668332938,0.09699999999999999,-3.0
200040100,0.0029853075181193824,0.5002965147926722,0.09673991673663529,-0.260083263364682
300040100,0.0039806318605530916,0.5003931038881173,0.09647975854657895,-0.2601581900563471
400040100,0.004975981297747855,0.5004894340385172,0.09621982546344401,-0.2599330831349359
500040100,0.005971355740709834,0.5005855054614177,0.0959598449524995,-0.25998051094451285
600040100,0.006966755126730532,0.5006813181031181,0.0956998171465126,-0.26002780598689634
700040100,0.00796217939305026,0.5007768719100639,0.09543974214828892,-0.26007499822367713
800040100,0.008957628476861127,0.5008721668288167,0.09517962008779848,-0.2601220604904301
900040100,0.009953102315304557,0.5009672028060816,0.09491945109503645,-0.26016899276203553
1000040100,0.01094860084547142,0.5010619797887073,0.094659235300026,-0.26021579501045394
1100040100,0.01194412400440216,0.5011564977236855,0.09439897283281556,-0.2602624672104349
1200040100,0.012939671729086923,0.5012507565581521,0.09413866382347875,-0.26030900933680806
1300040100,0.013935243956465684,0.5013447562393861,0.0938783084021143,-0.2603554213644501
1400040100,0.014930840623428381,0.5014384967148104,0.09361790669884594,-0.26040170326834
1500040100,0.015926461666815037,0.5015319779319916,0.09335745884382242,-0.260447855023515
1600040100,0.016922107023415893,0.5016251998386398,0.09309696496721732,-0.2604938766050924
1700040100,0.01791777662997154,0.5017181623826096,0.09283642519922905,-0.26053976798825884
1800040100,0.01891347042317304,0.5018108655118988,0.09257583967008076,-0.26058552914829247
1900040100,0.019909188339662064,0.5019033091746494,0.09231520851002022,-0.2606311600605409
2000040100,0.020904930316031016,0.5019954933191476,0.0920545318493198,-0.2606766607004096
2100040100,0.021900696288823164,0.5020874178938233,0.09179380981827642,-0.26072203104338487
2200040100,0.02289648619453277,0.5021790828472507,0.09153304254721137,-0.26076727106505554
2300040100,0.023892299969605218,0.5022704881281482,0.09127223016647033,-0.2608123807410356
2400040100,0.024888137550437152,0.5023616336853785,0.09101137280642327,-0.2608573600470639
2500040100,0.025883998873376595,0.5024525194679481,0.09075047059746433,-0.2609022089589379
2600040100,0.026879883874723082,0.5025431454250084,0.09048952367001183,-0.2609469274525022
2700040100,0.027875792490727795,0.502633511505855,0.09022853215450811,-0.26099151550370436
2800040100,0.028871724657593693,0.5027236176599279,0.08996749618141954,-0.2610359730885728
2900040100,0.029867680311475634,0.5028134638368115,0.08970641588123635,-0.2610803001831943
3000040100,0.030863659388480513,0.5029030499862348,0.0894452913844726,-0.2611244967637477
3100040100,0.031859661824667394,0.5029923760580716,0.08918412282166616,-0.2611685628064482
3200040100,0.03285568755604764,0.5030814420023401,0.08892291032337854,-0.2612124982876361
3300040100,0.033851736518585036,0.5031702477692033,0.08866165402019484,-0.2612563031836996
3400040100,0.034847808648195935,0.503258793308969,0.08840035404272373,-0.2612999774711076
3500040100,0.03584390388074937,0.5033470785720899,0.08813901052159732,-0.26134352112639897
3600040100,0.036840022152067206,0.5034351035091633,0.08787762358747113,-0.26138693412620473
3700040100,0.03783616339792424,0.5035228680709316,0.08761619337102393,-0.26143021644720343
3800040100,0.03883232755404838,0.5036103722082822,0.08735472000295777,-0.2614733680661659
3900040100,0.03982851455612074,0.5036976158722475,0.08709320361399782,-0.26151638895994417
4000040100,0.04082472433977578,0.5037845990140049,0.08683164433489236,-0.2615592791054601
4100040100,0.04182095684060143,0.503871321584877,0.08657004229641266,-0.26160203847970587
4200040100,0.042817211994139244,0.5039577835363317,0.08630839762935293,-0.2616446670597435
4300040100,0.04381348973588452,0.5040439848199818,0.08604671046453019,-0.26168716482273857
4400040100,0.044809790001286424,0.5041299253875857,0.08578498093278429,-0.2617295317458936
4500040100,0.04580611272574814,0.5042156051910471,0.08552320916497778,-0.2617717678065033
4600040100,0.04680245784462698,0.5043010241824151,0.08526139529199582,-0.261813872981955
4700040100,0.04779882529323453,0.504386182313884,0.08499953944474611,-0.26185584724969513
4800040100,0.04879521500683679,0.5044710795377939,0.08473764175415888,-0.26189769058724044
4900040100,0.04979162692065429,0.5045557158066303,0.08447570235118669,-0.2619394029721891
5000040100,0.05078806096986223,0.5046400910730243,0.08421372136680447,-0.2619809843822207
5100040100,0.05178451708959062,0.5047242052897527,0.08395169893200939,-0.26202243479507425
5200040100,0.05278099521492441,0.504808058409738,0.0836896351778208,-0.2620637541885924
5300040100,0.053777495280903594,0.5048916503860483,0.08342753023528014,-0.26210494254065486
5400040100,0.0547740172225234,0.5049749811718979,0.08316538423545089,-0.2621459998292565
5500040100,0.055770560974734366,0.5050580507206464,0.08290319730941845,-0.2621869260324403
5600040100,0.056767126472442524,0.5051408589857996,0.0826409695882901,-0.26222772112834214
5700040100,0.05776371365050949,0.5052234059210093,0.08237870120319496,-0.2622683850951462
5800040100,0.05876032244375262,0.5053056914800733,0.0821163922852838,-0.2623089179111517
5900040100,0.05975695278694515,0.5053877156169353,0.08185404296572911,-0.2623493195546952
6000040100,0.060753604614816305,0.5054694782856851,0.08159165337572488,-0.2623895900042285
6100040100,0.06175027786205145,0.5055509794405588,0.08132922364648665,-0.26242972923824065
6200040100,0.06274697246329224,0.5056322190359387,0.08106675390925133,-0.2624697372353137
6300040100,0.0637436883531367,0.5057131970263531,0.0808042442952772,-0.2625096139741116
6400040100,0.06474042546613942,0.5057939133664769,0.08054169493584383,-0.26254935943336916
6500040100,0.06573718373681169,0.5058743680111313,0.08027910596225195,-0.2625889735918809
6600040100,0.06673396309962154,0.5059545609152836,0.08001647750582337,-0.26262845642855664
6700040100,0.06773076348899401,0.5060344920340478,0.07975380969790104,-0.2626678079223327
6800040100,0.06872758483931117,0.5061141613226845,0.07949110266984877,-0.2627070280522496
6900040100,0.06972442708491233,0.5061935687366005,0.07922835655305135,-0.26274611679743004
7000040100,0.07072129016009414,0.5062727142313495,0.0789655714789143,-0.2627850741370566
7100040100,0.07171817399911073,0.5063515977626316,0.07870274757886392,-0.2628239000503828
7200040100,0.07271507853617386,0.5064302192862938,0.07843988498434715,-0.2628625945167667
7300040100,0.073712003705453,0.5065085787583297,0.07817698382683153,-0.2629011575156151
7400040100,0.07470894944107556,0.5065866761348796,0.07791404423780511,-0.26293958902641723
7500040100,0.07570591567712695,0.5066645113722309,0.07765106634877637,-0.2629778890287332
7600040100,0.07670290234765073,0.5067420844268176,0.07738805029127414,-0.2630160575022279
7700040100,0.07769990938664877,0.5068193952552206,0.07712499619684754,-0.26305409442660405
7800040100,0.07869693672808135,0.506896443814168,0.07686190419706589,-0.2630919997816577
7900040100,0.07969398430586734,0.5069732300605349,0.07659877442351863,-0.26312977354725636
8000040100,0.08069105205388429,0.5070497539513431,0.07633560700781528,-0.26316741570336105
8100040100,0.08168813990596857,0.5071260154437619,0.07607240208158528,-0.2632049262299929
8200040100,0.08268524779591556,0.5072020144951076,0.07580915977647804,-0.2632423051072335
8300040100,0.08368237565747974,0.5072777510628438,0.07554588022416277,-0.263279552315269
8400040100,0.08467952342437482,0.507353225104581,0.07528256355632841,-0.26331666783435703
8500040100,0.0856766910302739,0.5074284365780776,0.07501920990468358,-0.2633536516448268
8600040100,0.08667387840880958,0.5075033854412386,0.0747558194009565,-0.2633905037270567
8700040100,0.08767108549357414,0.507578071652117,0.07449239217689495,-0.2634272240615633
8800040100,0.08866831221811963,0.5076524951689129,0.07422892836426608,-0.2634638126288682
8900040100,0.08966555851595805,0.5077266559499739,0.07396542809485646,-0.26350026940961985
9000040100,0.09066282432056143,0.5078005539537952,0.07370189150047193,-0.2635365943845276
9100040100,0.09166010956536201,0.5078741891390196,0.07343831871293756,-0.2635727875343721
9200040100,0.0926574141837524,0.5079475614644373,0.07317470986409755,-0.26360884884000585
9300040100,0.09365473810908563,0.5080206708889864,0.07291106508581516,-0.26364477828238647
9400040100,0.09465208127467539,0.5080935173717525,0.07264738450997266,-0.26368057584249865
9500040100,0.0956494436137961,0.508166100871969,0.0723836682684712,-0.26371624150145456
9600040100,0.09664682505968304,0.5082384213490171,0.0721199164932308,-0.26375177524040483
9700040100,0.09764422554553255,0.5083104787624259,0.07185612931619019,-0.2637871770406052
9800040100,0.09864164500450212,0.5083822730718721,0.07159230686930684,-0.26382244688334994
9900040100,0.09963908336971052,0.5084538042371807,0.07132844928455678,-0.2638575847500608
10000040100,0.10063654057423797,0.5085250722183242,0.07106455669393459,-0.263892590622187
10100040100,0.10163401655112626,0.5085960769754235,0.07080062922945331,-0.2639274644812829
10200040100,0.10263151123337891,0.5086668184687475,0.07053666702314434,-0.2639622063089639
10300040100,0.10362902455396125,0.5087372966587129,0.07027267020705741,-0.26399681608693953
10400040100,0.10462655644580063,0.5088075115058848,0.07000863891326042,-0.2640312937969914
10500040100,0.1056241068417865,0.5088774629709762,0.06974457327383947,-0.264065639420951
10600040100,0.10662167567477059,0.5089471510148488,0.06948047342089872,-0.26409985294075505
10700040100,0.10761926287756701,0.5090165755985119,0.06921633948656032,-0.2641339343384126
10800040100,0.10861686838295245,0.5090857366831236,0.06895217160296431,-0.2641678835960047
10900040100,0.10961449212366624,0.5091546342299902,0.06868796990226864,-0.2642017006956735
11000040100,0.11061213403241053,0.5092232682005663,0.06842373451664896,-0.2642353856196779
11100040100,0.11160979404185045,0.509291638556455,0.06815946557829866,-0.2642689383503045
11200040100,0.1126074720846142,0.5093597452594077,0.0678951632194287,-0.26430235886995657
11300040100,0.11360516809329323,0.5094275882713246,0.06763082757226761,-0.2643356471610875
11400040100,0.11460288200044232,0.5094951675542543,0.06736645876906139,-0.26436880320623407
11500040100,0.11560061373857981,0.5095624830703939,0.06710205694207337,-0.2644018269880165
11600040100,0.11659836324018767,0.5096295347820892,0.06683762222358423,-0.26443471848913863
11700040100,0.11759613043771165,0.5096963226518346,0.06657315474589189,-0.2644674776923543
11800040100,0.11859391526356144,0.5097628466422734,0.06630865464131137,-0.26450010458051215
11900040100,0.1195917176501108,0.5098291067161975,0.06604412204217484,-0.2645325991365331
12000040100,0.12058953752969766,0.5098951028365476,0.06577955708083143,-0.26456496134342183
12100040100,0.12158737483462434,0.5099608349664132,0.06551495988964719,-0.26459719118424435
12200040100,0.12258522949715761,0.5100263030690327,0.06525033060100502,-0.26462928864216145
12300040100,0.1235831014495289,0.5100915071077935,0.06498566934730463,-0.2646612537003953
12400040100,0.12458099062393438,0.5101564470462318,0.06472097626096238,-0.2646930863422519
12500040100,0.1255788969525351,0.5102211228480328,0.06445625147441127,-0.26472478655110976
12600040100,0.1265768203674572,0.5102855344770308,0.06419149512010083,-0.26475635431043115
12700040100,0.12757476080079203,0.5103496818972093,0.06392670733049709,-0.26478778960375116
12800040100,0.12857271818459615,0.5104135650727005,0.06366188823808241,-0.26481909241467744
12900040100,0.12957069245089167,0.5104771839677862,0.06339703797535551,-0.2648502627269015
13000040100,0.13056868353166629,0.510540538546897,0.06313215667483134,-0.26488130052417647
13100040100,0.13156669135887344,0.510603628774613,0.06286724446904098,-0.26491220579036173
13200040100,0.13256471586443247,0.5106664546156634,0.06260230149053161,-0.264942978509356
13300040100,0.13356275698022868,0.5107290160349267,0.06233732787186644,-0.26497361866517527
13400040100,0.13456081463811362,0.5107913129974309,0.06207232374562456,-0.26500412624187525
13500040100,0.13555888876990507,0.510853345468353,0.061807289244400966,-0.26503450122359534
13600040100,0.13655697930738733,0.51091511341302,0.06154222450080638,-0.2650647435945815
13700040100,0.13755508618231124,0.5109766167969078,0.06127712964746726,-0.2650948533391191
13800040100,0.13855320932639437,0.5110378555856419,0.06101200481702566,-0.2651248304415998
13900040100,0.13955134867132116,0.5110988297449974,0.06074685014213919,-0.26515467488646627
14000040100,0.14054950414874307,0.5111595392408992,0.060481665755480946,-0.26518438665824495
14100040100,0.1415476756902787,0.5112199840394214,0.06021645178973939,-0.26521396574155787
14200040100,0.14254586322751395,0.5112801641067878,0.059951208377618304,-0.2652434121210889
14300040100,0.14354406669200215,0.5113400794093721,0.05968593565183671,-0.26527272578159483
14400040100,0.1445422860152642,0.5113997299136974,0.05942063374512881,-0.26530190670790593
14500040100,0.1455405211287887,0.5114591155864369,0.05915530279024385,-0.2653309548849587
14600040100,0.14653877196403214,0.5115182363944132,0.058889942919946134,-0.2653598702977184
14700040100,0.147537038452419,0.5115770923045989,0.05862455426701485,-0.2653886529312791
14800040100,0.14853532052534185,0.5116356832841165,0.05835913696424407,-0.2654173027707748
14900040100,0.14953361811416163,0.5116940093002382,0.05809369114444265,-0.26544581980142373
15000040100,0.15053193115020763,0.5117520703203863,0.05782821694043412,-0.26547420400852856
15100040100,0.15153025956477773,0.5118098663121329,0.05756271448505664,-0.2655024553774765
15200040100,0.1525286032891385,0.5118673972432002,0.057297183911162945,-0.26553057389369455
15300040100,0.1535269622545254,0.5119246630814605,0.05703162535162021,-0.2655585595427387
15400040100,0.1545253363921428,0.5119816637949358,0.05676603893931,-0.26558641231020513
15500040100,0.1555237256331643,0.5120383993517986,0.05650042480712822,-0.2656141321817854
15600040100,0.1565221299087327,0.5120948697203713,0.056234783087985,-0.2656417191432225
15700040100,0.15752054914996025,0.5121510748691266,0.05596911391480463,-0.2656691731803659
15800040100,0.15851898328792877,0.5122070147666872,0.055703417420525494,-0.2656964942791278
15900040100,0.15951743225368972,0.5122626893818262,0.05543769373809999,-0.2657236824255047
16000040100,0.1605158959782645,0.5123180986834668,0.05517194300049443,-0.2657507376055558
16100040100,0.16151437439264438,0.5123732426406826,0.054906165340689,-0.26577765980543583
16200040100,0.16251286742779086,0.5124281212226977,0.05464036089167765,-0.26580444901135103
16300040100,0.16351137501463567,0.5124827343988861,0.05437452978646803,-0.2658311052096144
16400040100,0.16450989708408092,0.5125370821387727,0.054108672158081426,-0.2658576283866016
16500040100,0.16550843356699932,0.5125911644120325,0.053842788139552664,-0.265884018528762
16600040100,0.16650698439423428,0.512644981188491,0.053576877863930054,-0.2659102756226184
16700040100,0.16750554949660001,0.5126985324381244,0.053310941464275265,-0.26593639965478966
16800040100,0.16850412880488178,0.512751818131059,0.05304497907366332,-0.26596239061195726
16900040100,0.1695027222498359,0.5128048382375721,0.05277899082518244,-0.2659882484808765
17000040100,0.17050132976218998,0.5128575927280914,0.05251297685193407,-0.2660139732483761
17100040100,0.17149995127264311,0.5129100815731952,0.052246937287032676,-0.2660395649013924
17200040100,0.17249858671186583,0.5129623047436125,0.05198087226360576,-0.2660650234269129
17300040100,0.17349723601050046,0.513014262210223,0.05171478191479377,-0.2660903488119881
17400040100,0.1744958990991611,0.513065953944057,0.051448666373749986,-0.2661155410437867
17500040100,0.17549457590843393,0.5131173799162956,0.05118252577364047,-0.2661406001095179
17600040100,0.17649326636887713,0.5131685400982707,0.05091636024764398,-0.26616552599648713
17700040100,0.17749197041102127,0.5132194344614651,0.05065016992895191,-0.2661903186920625
17800040100,0.17849068796536927,0.5132700629775123,0.050383954950768195,-0.2662149781837085
17900040100,0.17948941896239665,0.5133204256181967,0.05011771544630923,-0.2662395044589523
18000040100,0.1804881633325516,0.5133705223554534,0.04985145154880383,-0.26626389750540624
18100040100,0.1814869210062552,0.5134203531613689,0.04958516339149308,-0.2662881573107457
18200040100,0.18248569191390146,0.5134699180081803,0.04931885110763035,-0.2663122838627308
18300040100,0.1834844759858576,0.5135192168682757,0.049052514830481134,-0.26633627714921854
18400040100,0.18448327315246407,0.5135682497141943,0.048786154693323015,-0.2663601371581173
18500040100,0.18548208334403476,0.5136170165186265,0.048519770829445606,-0.2663838638774098
18600040100,0.18648090649085713,0.5136655172544133,0.048253363372150436,-0.2664074572951751
18700040100,0.18747974252319233,0.5137137518945474,0.04798693245475087,-0.2664309173995663
18800040100,0.1884785913712754,0.5137617204121722,0.04772047821057207,-0.2664542441787998
18900040100,0.18947745296531537,0.5138094227805824,0.047454000772950894,-0.266477437621177
19000040100,0.1904763272354954,0.513856858973224,0.04718750027523581,-0.2665004977150848
19100040100,0.19147521411197294,0.5139040289636941,0.04692097685078683,-0.26652342444897337
19200040100,0.1924741135248799,0.5139509327257411,0.04665443063297546,-0.266546217811378
19300040100,0.1934730254043227,0.5139975702332645,0.04638786175518454,-0.26656887779091953
19400040100,0.19447194968038262,0.5140439414603154,0.046121270350808284,-0.2665914043762597
19500040100,0.19547088628311565,0.514090046381096,0.045854656553252104,-0.2666137975561791
19600040100,0.1964698351425529,0.51413588496996,0.04558802049593257,-0.2666360573195215
19700040100,0.19746879618870058,0.5141814572014123,0.04532136231227737,-0.26665818365520505
19800040100,0.19846776935154023,0.5142267630501094,0.045054682135725145,-0.26668017655222237
19900040100,0.1994667545610288,0.5142718024908591,0.0447879800997255,-0.2667020359996403
20000040100,0.2004657517470989,0.514316575498621,0.044521256337738874,-0.2667237619866227
20100040100,0.2014647608396588,0.5143610820485056,0.044254510983236496,-0.2667453545023852
20200040100,0.2024637817685927,0.5144053221157755,0.04398774416970024,-0.2667668135362516
20300040100,0.2034628144637608,0.5144492956758445,0.04372095603062266,-0.2667881390775756
20400040100,0.20446185885499948,0.5144930027042781,0.04345414669950681,-0.2668093311158411
20500040100,0.20546091487212148,0.5145364431767935,0.04318731630986624,-0.26683038964057304
20600040100,0.20645998244491592,0.5145796170692593,0.04292046499522486,-0.2668513146413822
20700040100,0.20745906150314858,0.5146225243576957,0.04265359288911688,-0.266872106107976
20800040100,0.20845815197656195,0.514665165018275,0.04238670012508678,-0.2668927640301033
20900040100,0.20945725379487548,0.5147075390273208,0.04211978683668917,-0.2669132883976097
21000040100,0.2104563668877856,0.5147496463613086,0.04185285315748874,-0.2669336792004265
21100040100,0.21145549118496598,0.5147914869968655,0.04158589922106017,-0.26695393642855986
21200040100,0.2124546266160676,0.5148330609107706,0.041318925160988104,-0.2669740600720682
21300040100,0.2134537731107189,0.5148743680799547,0.041051931110866996,-0.266994050121107
21400040100,0.214452930598526,0.5149154084815004,0.040784917204301066,-0.2670139065659286
21500040100,0.21545209900907272,0.5149561820926422,0.040517883574904254,-0.2670336293968157
21600040100,0.21645127827192084,0.5149966888907663,0.040250830356300074,-0.26705321860418135
21700040100,0.21745046831661022,0.5150369288534111,0.03998375768212162,-0.26707267417845776
21800040100,0.21844966907265886,0.5150769019582667,0.03971666568601141,-0.2670919961102075
21900040100,0.2194488804695632,0.5151166081831753,0.03944955450162138,-0.26711118439003473
22000040100,0.22044810243679813,0.5151560475061309,0.03918242426261274,-0.26713023900864047
22100040100,0.22144733490381716,0.5151952199052795,0.03891527510265594,-0.26714915995680083
22200040100,0.22244657780005264,0.5152341253589193,0.038648107155430586,-0.2671679472253556
22300040100,0.22344583105491586,0.5152727638455004,0.03838092055462535,-0.26718660080523055
22400040100,0.22444509459779716,0.5153111353436249,0.03811371543393791,-0.2672051206874375
22500040100,0.2254443683580661,0.5153492398320473,0.03784649192707487,-0.267223506863041
22600040100,0.2264436522650717,0.5153870772896738,0.03757925016775165,-0.267241759323225
22700040100,0.22744294624814243,0.515424647695563,0.03731199028969244,-0.2672598780592041
22800040100,0.2284422502365864,0.5154619510289254,0.03704471242663014,-0.267277863062301
22900040100,0.22944156415969164,0.5154989872691241,0.03677741671230625,-0.2672957143238913
23000040100,0.23044088794672604,0.515535756395674,0.03651010328047079,-0.267313431835459
23100040100,0.23144022152693763,0.5155722583882423,0.03624277226488225,-0.267331015588541
23200040100,0.23243956482955475,0.5156084932266486,0.0359754237993075,-0.26734846557474906
23300040100,0.23343891778378606,0.5156444608908646,0.0357080580175217,-0.26736578178580356
23400040100,0.2344382803188208,0.5156801613610142,0.03544067505330823,-0.2673829642134666
23500040100,0.23543765236382894,0.515715594617374,0.03517327504045865,-0.2674000128495864
23600040100,0.23643703384796122,0.5157507606403725,0.034905858112772546,-0.2674169276860976
23700040100,0.23743642470034945,0.5157856594105907,0.034638424404057525,-0.2674337087150211
23800040100,0.2384358248501065,0.515820290908762,0.0343709740481291,-0.2674503559284195
23900040100,0.23943523422632657,0.5158546551157721,0.03410350717881063,-0.2674668693184752
24000040100,0.24043465275808523,0.5158887520126592,0.03383602392993322,-0.26748324887741237
24100040100,0.24143408037443972,0.5159225815806138,0.033568524435335666,-0.2674994945975528
24200040100,0.24243351700442892,0.515956143800979,0.03330100882886437,-0.26751560647129324
24300040100,0.24343296257707359,0.5159894386552503,0.03303347724437328,-0.2675315844911061
24400040100,0.24443241702137655,0.5160224661250755,0.03276592981572374,-0.2675474286495388
24500040100,0.24543188026632273,0.5160552261922553,0.032498366676784525,-0.267563138939214
24600040100,0.24643135224087942,0.5160877188387426,0.032230787961431695,-0.26757871535283007
24700040100,0.24743083287399634,0.5161199440466429,0.03196319380354851,-0.26759415788318247
24800040100,0.2484303220946058,0.5161519017982141,0.03169558433702539,-0.2676094665231202
24900040100,0.24942981983162288,0.5161835920758672,0.03142795969575982,-0.26762464126556723
25000040100,0.2504293260139456,0.5162150148621653,0.03116032001365628,-0.2676396821035455
25100040100,0.2514288405704549,0.5162461701398242,0.03089266542462613,-0.26765458903015216
25200040100,0.252428363430015,0.5162770578917125,0.03062499606258758,-0.26766936203854885
25300040100,0.2534278945214736,0.5163076781008514,0.03035731206146561,-0.2676840011219724
25400040100,0.25442743377366156,0.5163380307504146,0.030089613555191866,-0.2676985062737464
25500040100,0.25542698111539364,0.5163681158237287,0.02982190067770459,-0.26771287748728095
25600040100,0.2564265364754683,0.5163979333042727,0.02955417356294856,-0.26772711475602834
25700040100,0.25742609978266795,0.5164274831756789,0.029286432344874998,-0.26774121807356077
25800040100,0.258425670965759,0.5164567654217316,0.029018677157441494,-0.2677551874335038
25900040100,0.25942524995349225,0.5164857800263684,0.028750908134611924,-0.2677690228295696
26000040100,0.2604248366746027,0.5165145269736794,0.028483125410356403,-0.26778272425552363
26100040100,0.26142443105780994,0.5165430062479076,0.028215329118651156,-0.2677962917052515
26200040100,0.2624240330318182,0.5165712178334488,0.027947519393478476,-0.2678097251726809
26300040100,0.26342364252531664,0.5165991617148515,0.02767969636882665,-0.26782302465182645
26400040100,0.2644232594669792,0.5166268378768173,0.02741186017868986,-0.2678361901367893
26500040100,0.2654228837854651,0.5166542463042003,0.02714401095706814,-0.267849221621724
26600040100,0.2664225154094187,0.5166813869820077,0.02687614883796723,-0.26786211910090546
26700040100,0.26742215426746985,0.5167082598953995,0.026608273955398592,-0.26787488256863956
26800040100,0.2684218002882339,0.5167348650296886,0.02634038644337926,-0.26788751201933014
26900040100,0.269421453400312,0.5167612023703408,0.026072486435931803,-0.2679000074474568
27000040100,0.270421113532291,0.516787271902975,0.025804574067084213,-0.26791236884758585
27100040100,0.2714207806127438,0.5168130736133628,0.025536649470869865,-0.2679245962143484
27200040100,0.2724204545702295,0.5168386074874289,0.025268712781327418,-0.2679366895424511
27300040100,0.2734201353332935,0.5168638735112508,0.02500076413250073,-0.2679486488266877
27400040100,0.2744198228304676,0.5168888716710592,0.024732803658438805,-0.2679604740619274
27500040100,0.2754195169902702,0.5169136019532378,0.024464831493195713,-0.26797216524309325
27600040100,0.27641921774120637,0.516938064344323,0.02419684777083048,-0.26798372236522844
27700040100,0.27741892501176824,0.5169622588310046,0.023928852625407046,-0.2679951454234298
27800040100,0.2784186387304348,0.5169861854001251,0.02366084619099419,-0.26800643441285876
27900040100,0.27941835882567234,0.5170098440386803,0.023392828601665413,-0.26801758932877495
28000040100,0.2804180852259344,0.5170332347338191,0.02312479999149891,-0.2680286101665027
28100040100,0.2814178178596621,0.5170563574728434,0.022856760494577456,-0.2680394969214533
28200040100,0.282417556655284,0.517079212243208,0.02258871024498834,-0.26805024958911394
28300040100,0.2834173015412167,0.5171017990325211,0.022320649376823293,-0.2680608681650478
28400040100,0.2844170524458645,0.5171241178285437,0.02205257802417842,-0.26807135264487164
28500040100,0.2854168092976199,0.5171461686191904,0.02178449632115409,-0.26808170302433376
28600040100,0.2864165720248636,0.5171679513925285,0.0215164044018549,-0.2680919192991917
28700040100,0.2874163405559646,0.5171894661367785,0.021248302400389555,-0.2681020014653457
28800040100,0.2884161148192805,0.5172107128403144,0.020980190450870823,-0.26811194951872747
28900040100,0.28941589474315754,0.517231691491663,0.02071206868741547,-0.26812176345535577
29000040100,0.2904156802559308,0.5172524020795045,0.02044393724414412,-0.26813144327134775
29100040100,0.29141547128592427,0.5172728445926722,0.020175796255181247,-0.26814098896287425
29200040100,0.2924152677614511,0.5172930190201527,0.019907645854655064,-0.268150400526182
29300040100,0.29341506961081365,0.5173129253510858,0.019639486176697446,-0.2681596779576162
29400040100,0.29441487676230377,0.5173325635747643,0.019371317355443854,-0.26816882125358693
29500040100,0.29541468914420277,0.5173519336806347,0.019103139525033272,-0.26817783041058035
29600040100,0.29641450668478175,0.5173710356582963,0.018834952819608123,-0.26818670542514755
29700040100,0.29741432931230166,0.517389869497502,0.018566757373314174,-0.268195446293949
29800040100,0.2984141569550134,0.5174084351881577,0.018298553320300486,-0.26820405301368805
29900040100,0.299413989541158,0.5174267327203228,0.01803034079471932,-0.2682125255811663
30000040100,0.3004138269989669,0.5174447620842099,0.01776211993072606,-0.26822086399326156
30100040100,0.30141366925666196,0.5174625232701848,0.01749389086247914,-0.2682290682469166
30200040100,0.3024135162424556,0.5174800162687669,0.01722565372413998,-0.2682371383391616
30300040100,0.303413367884551,0.5174972410706287,0.016957408649872878,-0.2682450742671026
30400040100,0.3044132241111422,0.5175141976665959,0.016689155773844954,-0.2682528760279222
30500040100,0.30541308485041435,0.5175308860476479,0.016420895230226086,-0.26826054361886786
30600040100,0.30641295003054375,0.5175473062049171,0.0161526271531888,-0.26826807703728545
30700040100,0.3074128195796981,0.5175634581296895,0.015884351676908215,-0.268275476280586
30800040100,0.30841269342603655,0.5175793418134045,0.015616068935561958,-0.26828274134625685
30900040100,0.3094125714977099,0.5175949572476545,0.015347779063330085,-0.2682898722318726
31000040100,0.3104124537228607,0.5176103044241857,0.015079482194395012,-0.26829686893507304
31100040100,0.3114123400296235,0.5176253833348974,0.014811178462941449,-0.268303731453563
31200040100,0.31241223034612486,0.5176401939718424,0.014542868003156281,-0.26831045978516815
31300040100,0.31341212460048373,0.5176547363272269,0.014274550949228535,-0.268317053927746
31400040100,0.3144120227208113,0.5176690103934106,0.014006227435349293,-0.2683235138792414
31500040100,0.31541192463521134,0.5176830161629066,0.013737897595711583,-0.2683298396377089
31600040100,0.31641183027178027,0.5176967536283812,0.013469561564510348,-0.2683360312012349
31700040100,0.3174117395586074,0.5177102227826543,0.013201219475942333,-0.26834208856801545
31800040100,0.318411652423775,0.5177234236186994,0.012932871464206032,-0.26834801173630085
31900040100,0.3194115687953585,0.5177363561296431,0.012664517663501604,-0.26835380070442866
32000040100,0.32041148860142654,0.5177490203087656,0.01239615820803078,-0.26835945547082407
32100040100,0.32141141177004123,0.5177614161495007,0.012127793231996814,-0.26836497603396636
32200040100,0.32241133822925827,0.5177735436454354,0.011859422869604392,-0.26837036239242235
32300040100,0.3234112679071271,0.5177854027903104,0.011591047255059536,-0.2683756145448574
32400040100,0.32441120073169094,0.5177969935780197,0.011322666522569568,-0.268380732489969
32500040100,0.3254111366309872,0.5178083160026109,0.011054280806342992,-0.26838571622657537
32600040100,0.32641107553304727,0.517819370058285,0.010785890240589454,-0.26839056575353776
32700040100,0.32741101736589706,0.5178301557393966,0.010517494959519626,-0.2683952810698274
32800040100,0.32841096205755677,0.5178406730404537,0.010249095097345165,-0.2683998621744585
32900040100,0.32941090953604135,0.5178509219561177,0.00998069078827862,-0.26840430906654394
33000040100,0.3304108597293605,0.5178609024812038,0.009712282166533349,-0.26840862174527313
33100040100,0.3314108125655188,0.5178706146106803,0.009443869366323448,-0.2684128002099009
33200040100,0.3324107679725159,0.5178800583396693,0.009175452521863678,-0.26841684445976954
33300040100,0.33341072587834675,0.5178892336634465,0.008907031767369391,-0.2684207544942868
33400040100,0.33441068621100156,0.5178981405774408,0.008638607237056443,-0.26842453031294816
33500040100,0.3354106488984661,0.5179067790772348,0.008370179065141106,-0.2684281719153365
33600040100,0.33641061386872184,0.5179151491585646,0.008101747385840038,-0.268431679301067
33700040100,0.33741058104974603,0.5179232508173199,0.00783331233337014,-0.2684350524698979
33800040100,0.33841055036951184,0.5179310840495439,0.007564874041948544,-0.2684382914215974
33900040100,0.3394105217559887,0.5179386488514331,0.007296432645792478,-0.2684413961560658
34000040100,0.3404104951371421,0.5179459452193379,0.007027988279119232,-0.2684443666732467
34100040100,0.34141047044093414,0.5179529731497621,0.006759541076146072,-0.26844720297316016
34200040100,0.34241044759532335,0.5179597326393629,0.006491091171090147,-0.268449905055925
34300040100,0.34341042652826503,0.5179662236849512,0.00622263869816841,-0.26845247292173685
34400040100,0.3444104071677113,0.5179724462834914,0.005954183791597575,-0.26845490657083443
34500040100,0.3454103894416114,0.5179784004321014,0.00568572658559402,-0.2684572060035554
34600040100,0.3464103732779115,0.5179840861280528,0.005417267214373684,-0.26845937122033614
34700040100,0.3474103586045554,0.5179895033687707,0.0051488058121520386,-0.2684614022216454
34800040100,0.348410345349484,0.5179946521518336,0.004880342513143977,-0.26846329900806165
34900040100,0.3494103334406361,0.5179995324749737,0.004611877451563736,-0.26846506158024025
35000040100,0.35041032280594814,0.5180041443360766,0.004343410761624857,-0.2684666899388798
35100040100,0.35141031337335443,0.5180084877331816,0.004074942577540068,-0.26846818408478884
35200040100,0.3524103050707874,0.5180125626644817,0.0038064730335212256,-0.2684695440188415
35300040100,0.35341029782617767,0.518016369128323,0.003538002263779226,-0.2684707697419997
35400040100,0.3544102915674542,0.5180199071232057,0.003269530402523946,-0.2684718612552798
35500040100,0.3554102862225444,0.5180231766477831,0.00300105758396416,-0.26847281855978605
35600040100,0.35641028171937444,0.5180261777008622,0.0027325839423074498,-0.26847364165671045
35700040100,0.3574102779858693,0.5180289102814039,0.002464109611760139,-0.2684743305473106
35800040100,0.3584102749499527,0.518031374388522,0.002195634726527229,-0.26847488523290974
35900040100,0.35941027253954777,0.5180335700214844,0.001927159420812288,-0.2684753057149412
36000040100,0.36041027068257664,0.5180354971797123,0.0016586838288174175,-0.2684755919948704
36100040100,0.3614102693069609,0.5180371558627805,0.001390208084743133,-0.26847574407428426
36200040100,0.3624102683406218,0.5180385460704174,0.0011217323227883313,-0.2684757619548017
36300040100,0.36341026771148016,0.518039667802505,0.0008532566771501683,-0.268475645638163
36400040100,0.3644102673474567,0.5180405210590786,0.0005847812820240165,-0.2684753951261519
36500040100,0.3654102671764721,0.5180411058403273,0.0003163062716033654,-0.26847501042065103
36600040100,0.3664102671264473,0.5180414221465935,4.7831780079767787e-05,-0.26847449152359765
36700040100,0.3674102671253034,0.5180414699783736,-0.00022064205835724905,-0.26847383843701683
36800040100,0.3684102671009619,0.5180412493363171,-0.0004891151095202707,-0.2684730511630216
36900040100,0.3694102669813451,0.5180407602212271,-0.0007575872392240613,-0.2684721297037908
37000040100,0.3704102666943759,0.5180400026340604,-0.00102605831328563,-0.26847107406156867
37100040100,0.3714102661679781,0.5180389765759271,-0.0012945281975243175,-0.2684698842386877
37200040100,0.3724102653300766,0.5180376820480912,-0.001562996757761874,-0.2684685602375568
37300040100,0.3734102641085974,0.5180361190519698,-0.0018314638598225471,-0.26846710206067315
37400040100,0.3744102624314679,0.5180342875891338,-0.0020999293695331354,-0.26846550971058847
37500040100,0.37541026022661705,0.5180321876613077,-0.0023683931527230667,-0.2684637831899312
37600040100,0.3764102574219753,0.5180298192703691,-0.0026368550752245068,-0.26846192250144013
37700040100,0.377410253945475,0.5180271824183496,-0.0029053150028723928,-0.26845992764788623
37800040100,0.37841024972505033,0.5180242771074339,-0.003173772801504533,-0.26845779863213975
37900040100,0.37941024468863765,0.5180211033399605,-0.0034422283369616915,-0.2684555354571588
38000040100,0.38041023876417557,0.5180176611184214,-0.003710681475087636,-0.268453138125945
38100040100,0.381410231879605,0.5180139504454618,-0.003979132081729234,-0.26845060664159914
38200040100,0.3824102239628694,0.5180099713238807,-0.004247580022736544,-0.26844794100731
38300040100,0.3834102149419149,0.5180057237566303,-0.004516025163962855,-0.26844514122630986
38400040100,0.3844102047446906,0.5180012077468167,-0.004784467371264786,-0.2684422073019301
38500040100,0.38541019329914844,0.517996423297699,-0.005052906510502354,-0.2684391392375678
38600040100,0.3864101805332435,0.5179913704126902,-0.005321342447539073,-0.26843593703671936
38700040100,0.3874101663749342,0.5179860490953564,-0.005589775048241998,-0.2684326007029247
38800040100,0.3884101507521823,0.5179804593494174,-0.005858204178481822,-0.2684291302398227
38900040100,0.3894101335929533,0.5179746011787464,-0.00612662970413294,-0.2684255256511182
39000040100,0.3904101148252162,0.5179684745873699,-0.006395051491073533,-0.26842178694059293
39100040100,0.39141009437694413,0.5179620795794682,-0.00666346940518565,-0.26841791411211663
39200040100,0.392410072176114,0.5179554161593746,-0.006931883312355264,-0.2684139071696138
39300040100,0.39341004815070707,0.517948484331576,-0.007200293078472372,-0.2684097661171079
39400040100,0.39441002222870886,0.5179412841007129,-0.007468698569431061,-0.26840549095868843
39500040100,0.39540999433810936,0.5179338154715791,-0.007737099651129571,-0.2684010816985106
39600040100,0.3964099644069032,0.5179260784491218,-0.0080054961894704,-0.268396538340829
39700040100,0.3974099323630897,0.5179180730384413,-0.008273888050360364,-0.2683918608899637
39800040100,0.3984098981346732,0.5179097992447919,-0.008542275099710665,-0.26838704935030083
39900040100,0.39940986164966313,0.5179012570735807,-0.008810657203436968,-0.2683821037263035
40000040100,0.400409822836074,0.5178924465303686,-0.009079034227459513,-0.26837702402254504
40100040100,0.40140978162192587,0.5178833676208697,-0.009347406037703133,-0.2683718102436202
40200040100,0.40240973793524415,0.5178740203509514,-0.009615772500097378,-0.2683664623942451
40300040100,0.40340969170406,0.5178644047266346,-0.00988413348057658,-0.26836098047920187
40400040100,0.40440964285641035,0.5178545207540934,-0.010152488845079896,-0.26835536450331604
40500040100,0.40540959132033816,0.5178443684396554,-0.010420838459551442,-0.2683496144715459
40600040100,0.40640953702389243,0.5178339477898014,-0.010689182189940315,-0.2683437303888711
40700040100,0.40740947989512843,0.5178232588111655,-0.010957519902200709,-0.26833771226039266
40800040100,0.4084094198621079,0.5178123015105353,-0.011225851462291964,-0.26833156009125536
40900040100,0.40940935685289903,0.5178010758948512,-0.011494176736178656,-0.2683252738866919
41000040100,0.41040929079557686,0.5177895819712077,-0.011762495589830668,-0.2683188536520122
41100040100,0.4114092216182232,0.5177778197468519,-0.01203080788922326,-0.2683122993925918
41200040100,0.41240914924892685,0.5177657892291845,-0.012299113500337177,-0.268305611113917
41300040100,0.41340907361578383,0.5177534904257592,-0.012567412289158671,-0.268298788821495
41400040100,0.4144089946468974,0.5177409233442833,-0.012835704121679637,-0.26829183252096606
41500040100,0.41540891227037824,0.5177280879926172,-0.01310398886389763,-0.26828474221799153
41600040100,0.41640882641434473,0.5177149843787743,-0.013372266381815984,-0.26827751791835447
41700040100,0.41740873700692294,0.5177016125109215,-0.013640536541443876,-0.2682701596278925
41800040100,0.41840864397624683,0.5176879723973788,-0.013908799208796396,-0.2682626673525206
41900040100,0.41940854725045845,0.5176740640466194,-0.014177054249894627,-0.2682550410982303
42000040100,0.42040844675770805,0.5176598874672698,-0.014445301530765719,-0.26824728087109057
42100040100,0.4214083424261541,0.5176454426681094,-0.014713540917442954,-0.268239386677236
42200040100,0.4224082341839637,0.5176307296580711,-0.014981772275965866,-0.26823135852291174
42300040100,0.4234081219593126,0.5176157484462407,-0.01524999547238026,-0.26822319641439546
42400040100,0.42440800568038517,0.5176004990418572,-0.015518210372738324,-0.26821490035806406
42500040100,0.4254078852753749,0.5175849814543129,-0.015786416843098686,-0.2682064703603603
42600040100,0.42640776067248426,0.517569195693153,-0.0160546147495265,-0.2681979064278152
42700040100,0.427407631799925,0.5175531417680758,-0.01632280395809353,-0.26818920856702566
42800040100,0.42840749858591826,0.5175368196889328,-0.016590984334878205,-0.26818037678467677
42900040100,0.42940736095869464,0.5175202294657286,-0.016859155745965703,-0.26817141108749715
43000040100,0.4304072188464945,0.5175033711086208,-0.017127318057448045,-0.2681623114823371
43100040100,0.431407072177568,0.5174862446279199,-0.017395471135424126,-0.26815307797607946
43200040100,0.4324069208801753,0.5174688500340898,-0.017663614845999844,-0.26814371057571734
43300040100,0.4334067648825866,0.5174511873377472,-0.017931749055288142,-0.2681342092882989
43400040100,0.4344066041130825,0.5174332565496617,-0.018199873629409103,-0.26812457412096014
43500040100,0.4354064384999539,0.517415057680756,-0.018467988434490008,-0.26811480508090335
43600040100,0.4364062679715024,0.517396590742106,-0.018736093336665403,-0.2681049021753964
43700040100,0.4374060924560402,0.5173778557449402,-0.01900418820207722,-0.26809486541181776
43800040100,0.4384059118818903,0.5173588527006403,-0.01927227289687481,-0.2680846947975896
43900040100,0.439405726177387,0.5173395816207408,-0.019540347287215033,-0.26807439034022224
44000040100,0.44040553527087545,0.5173200425169292,-0.01980841123926232,-0.2680639520472918
44100040100,0.44140533909071233,0.517300235401046,-0.020076464619188782,-0.2680533799264626
44200040100,0.44240513756526567,0.5172801602850844,-0.020344507293174257,-0.2680426739854762
44300040100,0.4434049306229151,0.5172598171811906,-0.0206125391274064,-0.26803183423213994
44400040100,0.444404718192052,0.5172392061016637,-0.02088055998808074,-0.2680208606743382
44500040100,0.4454045002010798,0.5172183270589555,-0.02114856974140077,-0.2680097533200325
44600040100,0.44640427657841375,0.5171971800656708,-0.021416568253578034,-0.2679985121772614
44700040100,0.44740404725248145,0.5171757651345671,-0.021684555390832163,-0.26798713725412915
44800040100,0.4484038121517228,0.5171540822785547,-0.021952531019391,-0.2679756285588396
44900040100,0.4494035712045903,0.5171321315106968,-0.02222049500549064,-0.2679639860996402
45000040100,0.4504033243395489,0.5171099128442093,-0.022488447215375528,-0.2679522098848887
45100040100,0.4514030714850764,0.5170874262924606,-0.022756387515298505,-0.2679402999229755
45200040100,0.4524028125696637,0.5170646718689724,-0.023024315771520917,-0.2679282562224126
45300040100,0.4534025475218145,0.5170416495874186,-0.02329223185031266,-0.26791607879174445
45400040100,0.45440227627004603,0.5170183594616261,-0.023560135617952296,-0.267903767639637
45500040100,0.4554019987428887,0.5169948015055743,-0.023828026940727075,-0.2678913227747778
45600040100,0.45640171486888653,0.5169709757333953,-0.024095905684933062,-0.26787874420598695
45700040100,0.45740142457659716,0.5169468821593741,-0.02436377171687517,-0.2678660319421059
45800040100,0.45840112779459213,0.516922520797948,-0.024631624902867258,-0.2678531859920867
45900040100,0.45940082445145686,0.5168978916637069,-0.02489946510923222,-0.2678402063649583
46000040100,0.46040051447579095,0.5168729947713936,-0.02516729220230201,-0.2678270930697934
46100040100,0.4614001977962083,0.5168478301359033,-0.025435106048417772,-0.2678138461157639
46200040100,0.4623998743413371,0.5168223977722837,-0.025702906513929893,-0.26780046551211883
46300040100,0.46339954403982025,0.5167966976957351,-0.025970693465198074,-0.2677869512681842
46400040100,0.46439920682031527,0.5167707299216103,-0.026238466768591404,-0.2677733033933297
46500040100,0.4653988626114945,0.5167444944654147,-0.02650622629048845,-0.2677595218970466
46600040100,0.46639851134204535,0.516717991342806,-0.02677397189727731,-0.26774560678885856
46700040100,0.4673981529406704,0.5166912205695946,-0.02704170345535571,-0.26773155807839977
46800040100,0.46839778733608745,0.5166641821617431,-0.027309420831131068,-0.26771737577535915
46900040100,0.4693974144570298,0.5166368761353668,-0.027577123891020575,-0.2677030598895027
47000040100,0.4703970342322464,0.516609302506733,-0.02784481250145126,-0.26768861043068454
47100040100,0.4713966465905017,0.5165814612922618,-0.028112486528860073,-0.2676740274088135
47200040100,0.4723962514605763,0.5165533525085254,-0.02838014583969395,-0.2676593108338755
47300040100,0.47339584877126667,0.5165249761722485,-0.028647790300409915,-0.2676444607159668
47400040100,0.4743954384513856,0.5164963323003079,-0.02891541977747512,-0.2676294770652052
47500040100,0.47539502042976206,0.516467420909733,-0.029183034137366937,-0.26761435989181864
47600040100,0.4763945946352416,0.5164382420177052,-0.029450633246573037,-0.2675991092061011
47700040100,0.4773941609966863,0.5164087956415584,-0.02971821697159146,-0.2675837250184235
47800040100,0.4783937194429751,0.5163790817987786,-0.02998578517893068,-0.2675682073392227
47900040100,0.4793932699030038,0.516349100507004,-0.030253337735109714,-0.2675525561790349
48000040100,0.4803928123056852,0.516318851784025,-0.030520874506658142,-0.26753677154842853
48100040100,0.48139234657994945,0.5162883356477844,-0.030788395360116235,-0.26752085345809373
48200040100,0.4823918726547439,0.5162575521163769,-0.031055900162034987,-0.2675048019187531
48300040100,0.48339139045903357,0.5162265012080494,-0.03132338877897624,-0.26748861694125065
48400040100,0.48439089992180095,0.5161951829412007,-0.0315908610775127,-0.267472298536463
48500040100,0.4853904009720465,0.5161635973343821,-0.03185831692422806,-0.2674558467153547
48600040100,0.4863898935387884,0.5161317444062967,-0.03212575618571703,-0.2674392614889674
48700040100,0.48738937755106315,0.5160996241757997,-0.032393178728585464,-0.2674225428684309
48800040100,0.48838885293792533,0.5160672366618982,-0.0326605844194504,-0.2674056908649296
48900040100,0.4893883196284479,0.5160345818837516,-0.03292797312494012,-0.26738870548972493
49000040100,0.49038777755172247,0.516001659860671,-0.03319534471169429,-0.2673715867541664
49100040100,0.4913872266368592,0.5159684706121195,-0.03346269904636396,-0.2673543346696693
49200040100,0.49238666681298704,0.5159350141577121,-0.033730035995611696,-0.26733694924772605
49300040100,0.49338609800925404,0.5159012905172159,-0.03399735542611158,-0.2673194304998835
49400040100,0.49438552015482723,0.5158672997105496,-0.034264657204549395,-0.2673017784378102
49500040100,0.495384933178893,0.5158330417577838,-0.03453194119762259,-0.26728399307319595
49600040100,0.49638433701065704,0.5157985166791411,-0.03479920727204043,-0.26726607441784067
49700040100,0.4973837315793447,0.5157637244949959,-0.03506645529452403,-0.26724802248359925
49800040100,0.4983831168142009,0.515728665225874,-0.03533368513180645,-0.2672298372824256
49900040100,0.4993824926444905,0.5156933388924535,-0.03560089665063277,-0.2672115188263173
50000040100,0.5003818589994984,0.5156577455155639,-0.03586808971776013,-0.2671930671273597
50100040100,0.5013812158085293,0.5156218851161863,-0.036135264199957856,-0.2671744821977265
50200040100,0.5023805630009086,0.5155857577154539,-0.036402419964007504,-0.2671557640496459
50300040100,0.5033799005059818,0.5155493633346512,-0.036669556876702925,-0.26713691269542306
50400040100,0.5043792282531152,0.5155127019952144,-0.036936674804850377,-0.26711792814745117
50500040100,0.5053785461716956,0.5154757737187313,-0.03720377361526857,-0.26709881041818917
50600040100,0.5063778541911309,0.5154385785269414,-0.03747085317478873,-0.26707955952016177
50700040100,0.5073771522408498,0.5154011164417356,-0.037737913350254705,-0.2670601754659817
50800040100,0.5083764402503023,0.5153633874851564,-0.03800495400852302,-0.2670406582683274
50900040100,0.5093757181489594,0.5153253916793978,-0.03827197501646298,-0.26702100793995426
51000040100,0.510374985866314,0.5152871290468052,-0.038538976240956674,-0.26700122449370556
51100040100,0.5113742433318803,0.5152485996098755,-0.03880595754889914,-0.26698130794246827
51200040100,0.5123734904751942,0.515209803391257,-0.03907291880719836,-0.2669612582992171
51300040100,0.5133727272258135,0.5151707404137494,-0.039339859882775385,-0.2669410755770259
51400040100,0.5143719535133181,0.5151314107003038,-0.0396067806425644,-0.2669207597890122
51500040100,0.5153711692673101,0.5150918142740225,-0.03987368095351277,-0.2669003109483702
51600040100,0.5163703744174137,0.5150519511581593,-0.04014056068258114,-0.2668797290683709
51700040100,0.5173695688932759,0.5150118213761191,-0.04040741969674353,-0.26685901416238444
51800040100,0.5183687526245659,0.5149714249514582,-0.04067425786298735,-0.2668381662438134
51900040100,0.519367925540976,0.514930761907884,-0.04094107504831352,-0.2668171853261703
52000040100,0.520367087572221,0.5148898322692552,-0.04120787111973654,-0.26679607142301137
52100040100,0.5213662386480392,0.5148486360595816,-0.04147464594428453,-0.2667748245479916
52200040100,0.5223653786981917,0.5148071733030243,-0.04174139938899936,-0.2667534447148319
52300040100,0.523364507652463,0.5147654440238951,-0.04200813132093668,-0.26673193193731876
52400040100,0.5243636254406613,0.5147234482466573,-0.042274841607166005,-0.2667102862293265
52500040100,0.5253627319926181,0.514681185995925,-0.04254153011477079,-0.26668850760478413
52600040100,0.5263618272381888,0.5146386572964635,-0.0428081967108485,-0.2666665960777083
52700040100,0.5273609111072528,0.5145958621731891,-0.0430748412625107,-0.26664455166220385
52800040100,0.5283599835297134,0.5145528006511688,-0.04334146363688311,-0.26662237437240766
52900040100,0.5293590444354981,0.5145094727556208,-0.043608063701105704,-0.2666000642225891
53000040100,0.5303580937545588,0.514465878511914,-0.043874641322332736,-0.26657762122702744
53100040100,0.5313571314168718,0.5144220179455685,-0.044141196367732845,-0.2665550454001121
53200040100,0.5323561573524381,0.5143778910822548,-0.04440772870448916,-0.26653233675632043
53300040100,0.5333551714912834,0.5143334979477946,-0.04467423819979932,-0.2665094953101618
53400040100,0.5343541737634584,0.5142888385681601,-0.04494072472087557,-0.26648652107624476
53500040100,0.5353531640990387,0.5142439129694745,-0.04520718813494482,-0.2664634140692544
53600040100,0.5363521424281251,0.5141987211780115,-0.04547362830924876,-0.2664401743039415
53700040100,0.537351108680844,0.5141532632201956,-0.045740045111043896,-0.26641680179513344
53800040100,0.538350062787347,0.514107539122602,-0.04600643840760162,-0.2663932965577232
53900040100,0.5393490046778114,0.5140615489119563,-0.046272808066208315,-0.2663696586066916
54000040100,0.5403479342824405,0.5140152926151351,-0.04653915395416539,-0.26634588795707376
54100040100,0.5413468515314632,0.5139687702591652,-0.046805475938789386,-0.26632198462399265
54200040100,0.5423457563551346,0.5139219818712241,-0.04707177388741204,-0.26629794862265904
54300040100,0.5433446486837359,0.5138749274786396,-0.047338047667380354,-0.2662737799683158
54400040100,0.5443435284475747,0.5138276071088903,-0.047604297146056664,-0.2662494786763158
54500040100,0.5453423955769853,0.513780020789605,-0.04787052219081873,-0.26622504476206627
54600040100,0.5463412500023282,0.513732168548563,-0.04813672266905979,-0.26620047824106224
54700040100,0.5473400916539912,0.5136840504136938,-0.04840289844818865,-0.2661757791288642
54800040100,0.5483389204623885,0.5136356664130776,-0.048669049395629736,-0.26615094744108686
54900040100,0.5493377363579617,0.5135870165749444,-0.0489351753788232,-0.26612598319346625
55000040100,0.5503365392711794,0.5135381009276749,-0.04920127626522497,-0.2661008864017704
55100040100,0.5513353291325378,0.5134889194997999,-0.04946735192230682,-0.26607565708184366
55200040100,0.5523341058725603,0.5134394723200003,-0.04973340221755644,-0.2660502952496185
55300040100,0.553332869421798,0.5133897594171072,-0.04999942701847754,-0.2660248009211036
55400040100,0.55433161971083,0.513339780820102,-0.0502654261925899,-0.265999174112362
55500040100,0.555330356670263,0.513289536558116,-0.05053139960742943,-0.26597341483953346
55600040100,0.5563290802307319,0.5132390266604308,-0.0507973471305483,-0.2659475231188674
55700040100,0.5573277903228999,0.5131882511564776,-0.05106326862951492,-0.2659214989666231
55800040100,0.5583264868774584,0.5131372100758381,-0.05132916397191411,-0.2658953423991809
55900040100,0.5593251698251275,0.5130859034482438,-0.051595033025347084,-0.2658690534329753
56000040100,0.5603238390966555,0.5130343313035759,-0.05186087565743161,-0.2658426320845284
56100040100,0.5613224946228199,0.5129824936718658,-0.052126691735802026,-0.2658160783704167
56200040100,0.5623211363344269,0.5129303905832946,-0.05239248112810932,-0.265789392307293
56300040100,0.5633197641623118,0.5128780220681932,-0.05265824370202122,-0.26576257391189756
56400040100,0.5643183780373391,0.5128253881570425,-0.052923979325222255,-0.26573562320103633
56500040100,0.5653169778904026,0.5127724888804728,-0.053189687865413816,-0.2657085401915691
56600040100,0.5663155636524256,0.5127193242692644,-0.05345536919031428,-0.26568132490046564
56700040100,0.5673141352543611,0.5126658943543472,-0.05372102316765902,-0.2656539773447276
56800040100,0.5683126926271918,0.5126121991668008,-0.05398664966520048,-0.2656264975414664
56900040100,0.5693112357019301,0.5125582387378542,-0.05425224855070833,-0.26559888550784755
57000040100,0.5703097644096188,0.5125040130988863,-0.05451781969196945,-0.2655711412611131
57100040100,0.5713082786813307,0.5124495222814252,-0.054783362956788005,-0.265543264818559
57200040100,0.572306778448169,0.5123947663171486,-0.0550488782129856,-0.2655152561975911
57300040100,0.5733052636412673,0.512339745237884,-0.055314365328401255,-0.2654871154156582
57400040100,0.5743037341917898,0.5122844590756077,-0.055579824170891544,-0.26545884249029655
57500040100,0.5753021900309315,0.5122289078624459,-0.055845254608330654,-0.2654304374391076
57600040100,0.5763006310899184,0.5121730916306739,-0.05611065650861042,-0.2654019002797692
57700040100,0.5772990573000072,0.5121170104127165,-0.05637602973964044,-0.2653732310300241
57800040100,0.5782974685924862,0.5120606642411476,-0.05664137416934814,-0.2653444297077028
57900040100,0.5792958648986747,0.5120040531486904,-0.05690668966567885,-0.26531549633070084
58000040100,0.5802942461499235,0.5119471771682172,-0.05717197609659583,-0.26528643091697895
58100040100,0.5812926122776152,0.5118900363327498,-0.057437233330080405,-0.265257233484574
58200040100,0.5822909632131639,0.5118326306754586,-0.057702461234132016,-0.26522790405161034
58300040100,0.5832892988880156,0.5117749602296635,-0.05796765967676827,-0.2651984426362552
58400040100,0.5842876192336486,0.5117170250288333,-0.05823282852602504,-0.26516884925677414
58500040100,0.585285924181573,0.5116588251065859,-0.05849796764995654,-0.26513912393149797
58600040100,0.5862842136633314,0.5116003604966879,-0.05876307691663536,-0.26510926667882256
58700040100,0.5872824876104987,0.5115416312330551,-0.059028156194152595,-0.26507927751723104
58800040100,0.5882807459546826,0.5114826373497521,-0.05929320535061784,-0.26504915646524935
58900040100,0.5892789886275234,0.5114233788809923,-0.05955822425415935,-0.26501890354151303
59000040100,0.5902772155606941,0.511363855861138,-0.059823212772924066,-0.2649885187647114
59100040100,0.5912754266859009,0.5113040683247002,-0.060088170775077665,-0.26495800215359894
59200040100,0.5922736219348832,0.5112440163063386,-0.06035309812880467,-0.26492735372700615
59300040100,0.5932718012394134,0.5111836998408618,-0.06061799470230853,-0.26489657350386203
59400040100,0.5942699645312975,0.5111231189632267,-0.06088286036381165,-0.26486566150311597
59500040100,0.5952681117423752,0.5110622737085392,-0.06114769498155549,-0.2648346177438379
59600040100,0.5962662428045195,0.5110011641120534,-0.06141249842380064,-0.2648034422451517
59700040100,0.5972643576496376,0.5109397902091721,-0.06167727055882689,-0.2647721350262461
59800040100,0.5982624562096706,0.5108781520354467,-0.061942011254933274,-0.26474069610638595
59900040100,0.5992605384165934,0.5108162496265769,-0.062206720380438174,-0.264709125504901
